time_s,accel_x_g,accel_y_g,accel_z_g
0.0030,-0.4477,-9.9647,0.0958
0.0060,-0.4166,-9.9407,0.1460
0.0090,-0.4381,-9.9359,0.0527
0.0119,-0.4214,-9.9240,0.1197
0.0149,-0.3926,-9.9120,0.0168
0.0180,-0.4238,-9.8641,0.1030
0.0210,-0.4501,-9.8857,0.0455
0.0239,-0.4956,-9.9288,0.0886
0.0269,-0.3711,-9.9407,0.1101
0.0299,-0.4166,-9.9886,0.1556
0.0332,-0.3926,-9.9599,0.1580
0.0367,-0.4310,-9.9048,0.0383
0.0398,-0.4166,-9.9048,0.0790
0.0427,-0.4094,-9.8928,0.1365
0.0457,-0.4070,-9.8976,0.1221
0.0486,-0.3926,-9.8354,0.2682
0.0516,-0.4429,-9.9216,0.0239
0.0545,-0.3807,-9.9671,0.1053
0.0575,-0.4190,-10.1035,0.0311
0.0604,-0.4501,-9.9551,0.1389
0.0634,-0.3950,-9.9264,0.1245
0.0663,-0.3926,-9.9551,0.0934
0.0693,-0.4381,-9.9192,0.1101
0.0723,-0.3400,-9.9695,0.0838
0.0753,-0.3879,-9.9048,0.0646
0.0783,-0.3759,-9.9599,0.1269
0.0813,-0.4286,-9.9503,0.1221
0.0843,-0.4310,-9.9431,0.1006
0.0872,-0.4190,-9.9527,0.0455
0.0902,-0.4405,-9.9096,0.2538
0.0931,-0.4357,-9.9671,0.1700
0.0960,-0.4525,-9.9192,0.0766
0.0990,-0.3974,-9.9216,0.1293
0.1019,-0.4022,-9.9383,0.0958
0.1049,-0.3950,-9.9383,0.0359
0.1078,-0.3472,-9.9407,0.2370
0.1108,-0.4094,-9.9503,0.0407
0.1137,-0.3974,-10.0700,0.1053
0.1167,-0.4764,-9.9503,0.0527
0.1196,-0.3663,-9.8785,0.1293
0.1226,-0.4573,-9.8617,0.0072
0.1255,-0.4238,-9.9407,0.1867
0.1284,-0.4214,-9.9886,0.1149
0.1314,-0.3735,-9.9240,0.0838
0.1343,-0.4501,-9.9072,0.1556
0.1373,-0.4357,-9.9288,0.0790
0.1402,-0.3974,-9.9120,0.0742
0.1432,-0.4549,-9.9527,0.0838
0.1461,-0.3639,-9.9383,0.1245
0.1491,-0.3998,-9.9718,0.1317
0.1520,-0.4573,-9.8857,0.1867
0.1549,-0.3998,-9.9527,0.1700
0.1579,-0.4501,-9.9000,0.2586
0.1608,-0.4286,-9.9575,0.0551
0.1638,-0.4190,-9.9120,0.1125
0.1667,-0.4334,-9.9240,0.0790
0.1697,-0.4429,-9.9072,0.0862
0.1726,-0.4022,-9.9407,0.1844
0.1756,-0.3759,-9.9407,0.0431
0.1785,-0.5962,-9.9024,0.1556
0.1816,-0.4310,-9.9671,-0.0048
0.1846,-0.3711,-9.8282,0.0718
0.1876,-0.3926,-9.9527,0.0024
0.1905,-0.3567,-9.9120,0.1149
0.1934,-0.3711,-9.9551,0.2131
0.1964,-0.3496,-9.9407,0.1556
0.1994,-0.4142,-9.8881,0.1030
0.2024,-0.4214,-9.9431,0.0910
0.2053,-0.3472,-9.9096,0.1724
0.2082,-0.4501,-9.9695,0.1987
0.2112,-0.4477,-9.9455,0.1197
0.2141,-0.3950,-9.9000,0.0575
0.2171,-0.4214,-9.9216,0.0646
0.2200,-0.4238,-9.9264,0.0024
0.2229,-0.4310,-9.9575,0.0694
0.2259,-0.4166,-9.9431,0.0072
0.2288,-0.3950,-9.9072,0.0742
0.2318,-0.4070,-9.9335,0.1700
0.2347,-0.3855,-9.8928,0.1437
0.2377,-0.3807,-9.9479,0.1628
0.2406,-0.4118,-10.0796,0.1987
0.2435,-0.3807,-10.0796,0.1772
0.2465,-0.4190,-9.9168,0.1556
0.2494,-0.4166,-9.8904,0.1556
0.2524,-0.4118,-9.9407,0.0646
0.2553,-0.4357,-9.9551,0.0982
0.2582,-0.4262,-9.8737,0.1365
0.2612,-0.3831,-9.9503,0.0670
0.2641,-0.3376,-9.8617,0.1269
0.2671,-0.4549,-9.9024,0.1580
0.2700,-0.3496,-9.9264,0.2897
0.2729,-0.4166,-9.9144,0.1077
0.2759,-0.4717,-9.8114,0.0886
0.2788,-0.4429,-9.9599,0.2969
0.2818,-0.4477,-9.9288,0.0287
0.2848,-0.4142,-10.0652,0.1413
0.2878,-0.3926,-9.9144,0.1484
0.2907,-0.3926,-9.9527,0.0455
0.2937,-0.4429,-9.9431,0.1101
0.2966,-0.4238,-10.0437,0.0407
0.2996,-0.5890,-9.9096,0.1269
0.3025,-0.4477,-9.8114,0.1460
0.3055,-0.3903,-9.9264,0.2179
0.3084,-0.3831,-9.9072,0.1508
0.3114,-0.4453,-9.9838,0.0431
0.3143,-0.3089,-9.9383,0.1293
0.3172,-0.4525,-9.9240,0.1293
0.3202,-0.4118,-9.9575,0.1317
0.3231,-0.3807,-9.9335,0.0934
0.3261,-0.4334,-9.9599,0.0527
0.3290,-0.3735,-9.9623,0.0958
0.3320,-0.3974,-9.9431,0.2873
0.3349,-0.4094,-10.1083,0.0934
0.3378,-0.4238,-9.9264,0.0790
0.3408,-0.4286,-9.8162,-0.1245
0.3437,-0.4022,-9.9503,0.2825
0.3467,-0.4022,-9.9311,0.0503
0.3496,-0.4142,-10.0963,0.0814
0.3526,-0.4357,-9.9910,0.0838
0.3555,-0.4214,-9.9144,0.1077
0.3584,-0.4286,-9.9000,0.0575
0.3614,-0.3855,-9.9120,0.2011
0.3643,-0.4525,-9.9695,0.1413
0.3673,-0.4094,-9.9335,0.0694
0.3702,-0.3974,-9.9120,0.1867
0.3731,-0.4214,-9.9383,0.0048
0.3761,-0.4190,-9.9455,0.1030
0.3790,-0.4166,-9.9695,0.1389
0.3820,-0.4477,-9.9024,-0.0790
0.3849,-0.4310,-9.9335,0.1413
0.3880,-0.4573,-10.1107,0.2418
0.3910,-0.4788,-9.9671,0.1365
0.3939,-0.3711,-10.0652,0.1460
0.3968,-0.4549,-9.9407,0.0048
0.3998,-0.4310,-9.9168,0.0790
0.4027,-0.3974,-9.8928,0.2825
0.4057,-0.4094,-9.9407,0.0718
0.4086,-0.4118,-9.9072,0.1724
0.4116,-0.4477,-10.0892,0.0311
0.4145,-0.4166,-9.8904,0.0910
0.4175,-0.3831,-9.9647,0.1293
0.4204,-0.4190,-9.9790,0.1149
0.4234,-0.4429,-9.9311,0.1173
0.4263,-0.4022,-9.9431,0.0287
0.4292,-0.3591,-9.9168,0.1820
0.4322,-0.3831,-9.9910,0.1006
0.4351,-0.4597,-9.9455,0.2562
0.4381,-0.4286,-9.9240,0.0886
0.4410,-0.3998,-9.9647,0.0814
0.4439,-0.4645,-9.9503,0.1125
0.4469,-0.3855,-9.9000,0.1748
0.4498,-0.4573,-9.8138,0.1844
0.4528,-0.3687,-10.0628,0.1580
0.4557,-0.4477,-9.9599,0.1006
0.4586,-0.4477,-9.9431,0.1939
0.4616,-0.5938,-9.9527,0.1772
0.4645,-0.4262,-9.9288,0.1173
0.4675,-0.4094,-9.9862,0.0982
0.4704,-0.4357,-9.9647,0.0790
0.4734,-0.3807,-9.9335,0.1269
0.4763,-0.3855,-9.9742,0.1269
0.4792,-0.4525,-9.9144,0.0982
0.4822,-0.4525,-9.9862,0.1963
0.4851,-0.4166,-9.9096,0.1221
0.4881,-0.4405,-9.9766,0.1556
0.4911,-0.3855,-9.9216,0.1389
0.4940,-0.3926,-10.0102,0.0910
0.4970,-0.3974,-9.9096,0.1077
0.4999,-0.4453,-9.9024,0.0838
0.5029,-0.3855,-9.9575,0.1006
0.5058,-0.4046,-9.9168,0.0790
0.5087,-0.3974,-9.9240,0.1030
0.5117,-0.3950,-9.9216,0.1341
0.5146,-0.4621,-9.9383,0.2059
0.5176,-0.4238,-9.9216,0.0862
0.5205,-0.3855,-9.9048,0.0431
0.5235,-0.3711,-9.9814,0.1269
0.5264,-0.4166,-9.9359,0.1724
0.5293,-0.4836,-9.9431,0.1700
0.5323,-0.4190,-9.9455,0.0838
0.5352,-0.3950,-9.9479,0.0551
0.5381,-0.4956,-9.9407,0.1030
0.5411,-0.4022,-9.9503,0.0982
0.5440,-0.4357,-9.9383,0.2035
0.5470,-0.4621,-9.9240,0.2586
0.5499,-0.4669,-9.9335,0.1173
0.5528,-0.4238,-9.9359,0.2993
0.5558,-0.4118,-9.9072,0.0527
0.5588,-0.3567,-9.8234,0.1149
0.5618,-0.3855,-9.9695,0.1197
0.5648,-0.3496,-9.8354,0.0886
0.5677,-0.3639,-9.9407,0.1844
0.5706,-0.3926,-9.9000,0.1149
0.5736,-0.4573,-9.8952,-0.0144
0.5766,-0.4214,-9.9383,0.0718
0.5796,-0.4429,-9.9623,0.1700
0.5825,-0.3735,-9.9335,0.1101
0.5855,-0.3903,-9.9168,0.0335
0.5884,-0.4286,-9.9240,0.1149
0.5914,-0.4453,-9.9383,0.1556
0.5944,-0.4166,-9.9742,0.0646
0.5974,-0.3783,-9.9503,0.1221
0.6004,-0.3807,-9.9264,0.2131
0.6033,-0.4669,-9.9359,0.1077
0.6063,-0.4022,-9.9024,0.0718
0.6092,-0.3807,-9.9359,0.1269
0.6121,-0.3136,-9.9168,0.2514
0.6151,-0.4238,-9.9024,0.1053
0.6180,-0.4190,-9.9288,0.1437
0.6210,-0.4166,-9.8761,0.1460
0.6239,-0.4429,-9.9479,0.1508
0.6269,-0.3950,-9.8617,0.3041
0.6298,-0.4429,-9.8904,0.2729
0.6328,-0.3208,-9.9359,0.2059
0.6357,-0.4645,-9.9264,0.0551
0.6387,-0.4094,-9.9431,0.0958
0.6416,-0.5890,-9.9311,0.1891
0.6446,-0.3831,-9.9982,0.1652
0.6475,-0.3496,-9.9335,0.1437
0.6504,-0.3783,-9.9551,0.0886
0.6534,-0.4262,-9.9264,0.1221
0.6563,-0.4094,-9.8857,0.1628
0.6593,-0.4118,-9.9527,0.0694
0.6622,-0.3783,-9.8976,0.1197
0.6651,-0.4142,-9.9096,0.1508
0.6681,-0.4501,-9.9311,0.1389
0.6710,-0.3376,-9.9503,0.1030
0.6740,-0.4429,-9.9216,0.0646
0.6769,-0.3735,-9.9192,0.0024
0.6798,-0.4310,-9.8186,0.1030
0.6828,-0.4094,-9.9096,0.1556
0.6857,-0.4166,-9.9240,0.0862
0.6887,-0.4238,-9.9024,0.2131
0.6916,-0.4238,-9.9168,0.1221
0.6946,-0.4357,-9.9240,0.1077
0.6976,-0.4070,-9.8833,0.0599
0.7005,-0.4214,-9.9527,0.1508
0.7035,-0.4166,-9.9886,0.1077
0.7064,-0.4381,-9.8952,0.0000
0.7094,-0.3974,-9.9862,0.0934
0.7123,-0.4405,-9.9311,0.1101
0.7152,-0.3903,-9.9240,0.1460
0.7182,-0.3855,-9.9335,0.1221
0.7211,-0.4453,-9.9455,0.0503
0.7241,-0.4190,-9.8258,0.1125
0.7270,-0.3831,-9.9168,0.1006
0.7299,-0.4597,-9.9575,0.0431
0.7329,-0.5866,-10.1035,0.2155
0.7358,-0.3208,-9.9455,0.0599
0.7388,-0.3998,-9.8881,0.1173
0.7417,-0.3711,-9.9264,0.1748
0.7446,-0.3208,-9.9838,0.1197
0.7476,-0.3903,-9.9910,0.0646
0.7505,-0.4190,-9.9288,0.1293
0.7535,-0.4286,-9.8904,0.0934
0.7564,-0.4214,-9.9503,0.0168
0.7593,-0.4046,-9.9503,0.1365
0.7623,-0.3974,-9.8809,0.1149
0.7652,-0.3950,-9.9383,0.2634
0.7681,-0.3855,-9.9096,0.1389
0.7711,-0.4166,-9.9647,0.0144
0.7740,-0.3831,-9.9479,0.0599
0.7770,-0.4357,-9.8952,0.0670
0.7801,-0.4549,-9.9240,0.1508
0.7830,-0.4549,-9.9000,0.0072
0.7859,-0.5794,-9.8785,0.0766
0.7889,-0.4118,-9.9407,0.1580
0.7918,-0.4501,-9.8904,0.1365
0.7948,-0.4262,-9.9455,0.0599
0.7977,-0.3879,-9.9359,0.1389
0.8007,-0.5578,-9.9527,0.1820
0.8037,-0.3903,-9.9264,0.0599
0.8066,-0.3974,-9.9072,0.1508
0.8096,-0.3974,-9.9431,0.2059
0.8125,-0.4190,-9.9120,0.0790
0.8155,-0.3855,-9.9551,0.0599
0.8184,-0.3879,-9.9671,0.1173
0.8213,-0.3759,-9.8785,0.1077
0.8243,-0.3950,-9.9048,0.0048
0.8272,-0.4453,-9.9742,0.1101
0.8302,-0.4190,-9.9288,0.0359
0.8331,-0.4142,-9.8952,0.2251
0.8360,-0.3735,-9.9264,0.0287
0.8390,-0.4262,-10.1035,0.0311
0.8419,-0.5794,-10.0030,0.1413
0.8449,-0.4381,-9.9551,0.1604
0.8478,-0.4070,-9.8090,0.1149
0.8507,-0.4190,-9.9455,0.1125
0.8537,-0.3926,-9.9407,0.1700
0.8566,-0.4286,-9.9359,0.1484
0.8596,-0.3998,-9.9120,0.0742
0.8625,-0.4501,-9.9862,0.0311
0.8654,-0.4357,-9.8761,0.1269
0.8684,-0.3807,-9.9311,0.2466
0.8713,-0.4022,-9.9192,0.0646
0.8743,-0.3926,-9.9120,0.1197
0.8772,-0.3735,-9.8330,0.2298
0.8801,-0.3926,-9.8114,0.0742
0.8831,-0.3926,-9.9240,0.0622
0.8860,-0.3831,-9.9359,0.0455
0.8890,-0.4190,-9.9431,0.1125
0.8919,-0.3591,-9.9024,0.0599
0.8948,-0.4477,-9.8928,0.0934
0.8978,-0.4453,-9.9934,0.1628
0.9007,-0.4334,-9.9168,0.1556
0.9037,-0.4166,-9.9120,0.1030
0.9067,-0.3759,-9.9742,0.0455
0.9096,-0.4405,-9.9240,0.1149
0.9126,-0.3663,-9.9335,0.1269
0.9155,-0.3974,-10.0006,0.1077
0.9185,-0.4046,-9.8952,0.1173
0.9214,-0.4429,-9.9288,0.0742
0.9244,-0.4214,-9.9096,0.1125
0.9273,-0.4429,-9.9599,0.0144
0.9302,-0.3926,-9.9479,0.0694
0.9332,-0.4717,-9.9024,0.0359
0.9361,-0.3615,-9.8689,0.1437
0.9391,-0.4477,-9.9551,0.1484
0.9420,-0.4238,-9.8258,0.1437
0.9449,-0.3950,-9.8976,0.0670
0.9479,-0.4190,-9.9072,0.1149
0.9509,-0.3567,-9.9599,0.1077
0.9538,-0.4310,-9.9192,0.1221
0.9567,-0.3759,-9.9335,0.1125
0.9597,-0.3735,-9.9144,0.1317
0.9626,-0.4046,-9.8952,0.0670
0.9656,-0.4142,-9.8881,0.1413
0.9685,-0.3807,-9.9695,0.1628
0.9714,-0.4310,-9.9000,0.1652
0.9744,-0.4214,-9.9455,0.0958
0.9773,-0.4190,-9.9551,0.0144
0.9803,-0.4190,-9.8928,0.1125
0.9832,-0.4190,-9.9575,0.0551
0.9861,-0.4621,-9.9000,0.1293
0.9891,-0.4262,-9.9144,0.1173
0.9920,-0.4118,-10.0580,0.0886
0.9950,-0.4597,-9.9431,0.1508
0.9979,-0.4238,-10.1083,0.1053
1.0008,-0.4070,-9.8833,0.0670
1.0039,-0.4118,-9.8833,0.0742
1.0069,-0.4094,-9.9982,0.0239
1.0099,-0.4166,-9.9599,0.0742
1.0128,-0.4477,-9.9623,0.0958
1.0158,-0.3448,-9.9000,0.1269
1.0187,-0.3831,-9.9072,0.1149
1.0216,-0.3807,-9.9192,0.1149
1.0246,-0.4262,-9.9359,0.1293
1.0275,-0.4812,-9.9455,0.0575
1.0305,-0.4166,-9.9288,0.0646
1.0334,-0.4286,-9.9000,0.0407
1.0364,-0.4214,-9.9527,0.1532
1.0393,-0.4501,-9.9479,0.0646
1.0423,-0.3950,-9.9072,0.1030
1.0452,-0.4357,-9.9335,-0.0694
1.0482,-0.4357,-9.9216,0.0215
1.0511,-0.4118,-10.0868,0.1077
1.0541,-0.4501,-9.9479,0.1125
1.0570,-0.3615,-10.1107,0.1413
1.0599,-0.4357,-9.9120,0.1724
1.0629,-0.4501,-9.9120,0.0982
1.0658,-0.3903,-9.9527,0.1221
1.0688,-0.3998,-9.9814,0.1173
1.0717,-0.4046,-9.9934,-0.0120
1.0747,-0.3903,-9.9599,0.1269
1.0776,-0.4166,-9.9431,0.0790
1.0806,-0.3687,-9.9647,0.1317
1.0835,-0.4621,-10.0149,0.1006
1.0864,-0.3615,-9.9311,0.1580
1.0894,-0.4549,-9.9503,0.1508
1.0923,-0.4046,-9.9120,0.1149
1.0953,-0.4070,-9.9335,0.1269
1.0982,-0.3903,-10.0963,0.0982
1.1012,-0.4190,-9.9383,0.0742
1.1041,-0.4621,-9.9240,0.0886
1.1071,-0.3352,-9.9742,0.0718
1.1101,-0.3711,-9.9934,0.1508
1.1131,-0.4405,-9.9335,0.1221
1.1160,-0.4286,-9.9144,0.1077
1.1190,-0.3974,-9.9551,0.0958
1.1219,-0.4357,-9.8090,0.0479
1.1249,-0.6129,-10.0078,0.1437
1.1278,-0.4525,-9.9695,0.0886
1.1308,-0.3352,-9.9288,0.1820
1.1338,-0.4118,-9.9048,0.1628
1.1367,-0.4118,-9.8737,0.0862
1.1396,-0.4549,-9.9599,0.0192
1.1426,-0.3591,-9.9359,0.0551
1.1455,-0.3903,-9.8857,0.0886
1.1485,-0.3950,-9.9168,0.1796
1.1514,-0.4286,-9.9695,0.0431
1.1543,-0.3831,-9.9647,0.1365
1.1573,-0.4525,-9.9240,0.1221
1.1602,-0.4429,-10.0796,0.3017
1.1632,-0.3998,-9.9192,0.0718
1.1661,-0.4334,-10.0963,0.0335
1.1690,-0.4334,-9.9575,0.0838
1.1720,-0.4070,-9.8306,-0.0168
1.1749,-0.4381,-9.9000,0.1867
1.1779,-0.3424,-9.9264,0.0790
1.1808,-0.4262,-9.9120,0.0646
1.1838,-0.4334,-9.9934,0.2059
1.1868,-0.4142,-9.9599,0.1293
1.1897,-0.3831,-9.9407,0.1365
1.1926,-0.3496,-9.9982,0.2418
1.1956,-0.4022,-9.9264,0.1437
1.1986,-0.4501,-9.9024,0.0742
1.2015,-0.4238,-9.9503,0.1149
1.2045,-0.4884,-9.9479,0.0287
1.2074,-0.3950,-9.9671,0.0886
1.2105,-0.4142,-9.9479,0.2873
1.2135,-0.4334,-9.8904,0.0383
1.2164,-0.3903,-9.8904,0.0551
1.2194,-0.3639,-9.9407,0.1006
1.2223,-0.4956,-9.8641,0.1149
1.2253,-0.4956,-9.8090,0.1987
1.2282,-0.4477,-9.9431,0.1484
1.2311,-0.4070,-9.9527,0.1963
1.2341,-0.3950,-9.8162,0.0599
1.2370,-0.4334,-9.9623,0.0958
1.2400,-0.4453,-9.9120,0.1077
1.2429,-0.4238,-9.9096,0.1077
1.2459,-0.4142,-9.9455,0.1341
1.2490,-0.3879,-9.9311,0.1460
1.2521,-0.3735,-9.9575,0.0766
1.2551,-0.5411,-10.1059,0.0431
1.2580,-0.3831,-9.9407,0.0838
1.2610,-0.4190,-9.9599,0.0599
1.2639,-0.4046,-9.9766,0.1437
1.2669,-0.4549,-9.9072,0.0335
1.2698,-0.3519,-9.9599,0.1508
1.2727,-0.4046,-9.9264,0.1556
1.2757,-0.4453,-9.9144,0.0790
1.2786,-0.4214,-9.9695,0.1077
1.2816,-0.4190,-9.9671,0.1101
1.2845,-0.3879,-9.9192,0.0718
1.2875,-0.3974,-9.8857,0.0934
1.2904,-0.4118,-9.9479,0.1006
1.2934,-0.3591,-9.9264,0.0766
1.2963,-0.4166,-9.9240,0.1125
1.2993,-0.3950,-9.9311,0.0742
1.3022,-0.4477,-9.9288,0.1317
1.3051,-0.3974,-9.9240,0.0886
1.3081,-0.4429,-9.9479,0.0622
1.3110,-0.2825,-9.9814,0.1317
1.3140,-0.4334,-9.9551,0.1460
1.3170,-0.3903,-9.9096,0.0718
1.3200,-0.4022,-9.8138,0.0886
1.3229,-0.3089,-9.9096,0.0862
1.3259,-0.4046,-9.9479,0.2011
1.3288,-0.3711,-9.8833,0.1101
1.3318,-0.4501,-9.9503,0.1652
1.3347,-0.3950,-9.9168,0.0048
1.3376,-0.3519,-9.9240,0.1245
1.3406,-0.3136,-9.8833,0.0862
1.3435,-0.4334,-9.9431,0.0024
1.3465,-0.4334,-9.9455,0.0934
1.3494,-0.4597,-9.9742,0.1197
1.3524,-0.3615,-9.9503,0.2682
1.3553,-0.3950,-9.9407,0.0766
1.3583,-0.4812,-9.8593,-0.0335
1.3612,-0.4022,-9.9431,0.1077
1.3641,-0.4142,-10.1131,0.0263
1.3671,-0.3831,-9.9359,0.1053
1.3700,-0.3855,-9.9551,0.1077
1.3730,-0.4094,-10.1059,0.1293
1.3759,-0.4405,-9.9599,0.1173
1.3789,-0.4190,-9.8857,0.1053
1.3818,-0.6081,-9.9575,0.1030
1.3848,-0.3903,-9.9766,0.1628
1.3877,-0.4812,-9.8593,0.1077
1.3907,-0.4310,-9.9024,0.0287
1.3936,-0.3855,-9.8426,0.0742
1.3965,-0.4046,-9.9144,0.1317
1.3995,-0.4310,-9.9623,0.1652
1.4024,-0.3711,-9.9048,0.0335
1.4054,-0.3855,-9.9000,0.1413
1.4083,-0.4046,-9.9311,0.1030
1.4113,-0.4022,-9.9551,0.0982
1.4142,-0.4573,-9.9192,0.0622
1.4172,-0.5890,-10.0940,0.1413
1.4202,-0.5866,-9.9048,0.1149
1.4231,-0.3089,-9.8114,0.0982
1.4261,-0.4238,-10.1059,0.0982
1.4290,-0.4286,-10.0772,0.1030
1.4320,-0.3759,-9.9168,0.1077
1.4349,-0.3615,-9.9575,0.1532
1.4379,-0.4477,-9.9479,0.1556
1.4408,-0.3783,-9.9168,0.0862
1.4438,-0.4142,-9.9335,0.2011
1.4467,-0.4214,-9.9455,0.1604
1.4497,-0.4094,-9.9718,0.1006
1.4526,-0.3735,-9.9264,0.0646
1.4556,-0.3974,-9.9503,-0.1077
1.4585,-0.4621,-9.9623,0.0958
1.4614,-0.4166,-9.9407,0.0694
1.4644,-0.4286,-9.9455,0.0239
1.4673,-0.4238,-9.9479,0.2753
1.4703,-0.4142,-9.9359,0.0982
1.4732,-0.4238,-9.9240,0.0359
1.4762,-0.4262,-9.9383,0.0359
1.4791,-0.4381,-9.9479,0.1580
1.4821,-0.3735,-9.9383,0.0790
1.4850,-0.3136,-9.9192,0.1891
1.4880,-0.3950,-9.9958,0.0814
1.4909,-0.4214,-9.9479,0.0718
1.4938,-0.4094,-9.9838,0.1149
1.4968,-0.4190,-9.9766,0.0958
1.4997,-0.4573,-9.9144,0.0718
1.5027,-0.4645,-9.9311,0.0670
1.5056,-0.3831,-9.9742,0.0096
1.5085,-0.4357,-9.9240,0.0838
1.5115,-0.4238,-9.8928,0.0742
1.5144,-0.4190,-9.9120,0.0575
1.5174,-0.4310,-9.9599,0.1101
1.5204,-0.3998,-9.9168,0.1365
1.5234,-0.4166,-9.8737,-0.1125
1.5263,-0.4046,-9.9359,0.1437
1.5293,-0.4334,-10.1083,0.0886
1.5322,-0.4334,-9.9455,0.0383
1.5352,-0.6081,-9.9335,0.1006
1.5381,-0.4190,-9.9096,0.1748
1.5410,-0.4597,-9.8210,0.1221
1.5440,-0.3759,-9.9096,0.1317
1.5469,-0.3831,-9.8976,0.0910
1.5499,-0.3639,-9.9790,0.0120
1.5528,-0.3735,-9.9695,0.1173
1.5557,-0.3926,-9.9383,-0.0096
1.5588,-0.3998,-9.9288,0.1556
1.5617,-0.4046,-9.9814,0.0407
1.5647,-0.3735,-9.9264,0.1053
1.5676,-0.4286,-9.9647,0.1413
1.5706,-0.4621,-9.9216,0.0742
1.5735,-0.4453,-9.9000,0.0982
1.5764,-0.3663,-9.9982,0.1245
1.5794,-0.4214,-9.9431,0.0527
1.5823,-0.3783,-9.9311,0.1484
1.5853,-0.5387,-9.9240,0.0838
1.5882,-0.3567,-9.8785,0.1724
1.5911,-0.5626,-9.9335,0.0551
1.5941,-0.3783,-9.9527,0.0910
1.5970,-0.4142,-9.8857,0.2274
1.6000,-0.5794,-9.9144,0.0934
1.6029,-0.4142,-9.9096,0.1293
1.6058,-0.4381,-9.9407,0.1365
1.6088,-0.4357,-9.9072,0.0790
1.6117,-0.3759,-9.9671,0.1341
1.6146,-0.4262,-9.9383,0.1413
1.6176,-0.3926,-9.9096,0.1844
1.6206,-0.4214,-9.8928,0.2322
1.6236,-0.4070,-9.9048,0.0024
1.6265,-0.4070,-9.9695,0.1389
1.6295,-0.4046,-9.9000,0.1245
1.6324,-0.4238,-9.9168,0.2753
1.6354,-0.4046,-9.9024,0.0383
1.6383,-0.3998,-9.9575,0.0599
1.6413,-0.4238,-9.9311,0.1341
1.6442,-0.4142,-9.8857,0.1197
1.6471,-0.3735,-10.0796,0.1437
1.6501,-0.4357,-9.9359,0.1939
1.6530,-0.4334,-9.9479,0.1101
1.6560,-0.5483,-9.9264,0.1053
1.6589,-0.4046,-9.9120,0.1221
1.6618,-0.4621,-9.8713,0.1077
1.6648,-0.3807,-9.9479,0.1221
1.6677,-0.4118,-9.9240,0.1293
1.6707,-0.4070,-9.8761,0.1317
1.6736,-0.4334,-9.9766,0.1269
1.6765,-0.4310,-9.9479,0.1245
1.6795,-0.4477,-9.9982,0.2729
1.6824,-0.4453,-9.9216,0.1556
1.6854,-0.4525,-9.9335,0.2705
1.6883,-0.3950,-9.9192,0.1365
1.6912,-0.4501,-9.9288,0.1293
1.6942,-0.3879,-9.9264,0.1269
1.6971,-0.3926,-9.8210,0.1293
1.7001,-0.3974,-9.9503,0.1101
1.7030,-0.4142,-9.9216,0.1413
1.7059,-0.3879,-9.9623,0.1245
1.7089,-0.4046,-9.9096,0.2274
1.7118,-0.4812,-9.9359,0.1915
1.7148,-0.4429,-9.9838,0.0359
1.7177,-0.4310,-9.9168,0.1604
1.7206,-0.4070,-9.9455,0.0982
1.7236,-0.4142,-9.8665,0.0024
1.7266,-0.3879,-9.8857,0.0670
1.7296,-0.4717,-9.9192,0.1437
1.7325,-0.4238,-9.8785,0.0886
1.7354,-0.3879,-9.9407,0.0670
1.7384,-0.4429,-9.9216,0.0790
1.7413,-0.4645,-9.9599,0.1532
1.7443,-0.3112,-9.9575,0.2418
1.7472,-0.3807,-9.9168,0.0838
1.7501,-0.4621,-10.1035,0.1317
1.7531,-0.3663,-10.0652,0.0838
1.7560,-0.4501,-9.9216,0.0934
1.7590,-0.4022,-9.9240,0.1317
1.7619,-0.3496,-9.9359,0.2107
1.7648,-0.4286,-9.9862,0.0790
1.7678,-0.4166,-9.9623,0.1245
1.7707,-0.4022,-9.8737,0.0718
1.7737,-0.4501,-9.9000,0.1748
1.7766,-0.4022,-9.9431,0.1437
1.7795,-0.3831,-9.9527,0.0024
1.7825,-0.4286,-9.9288,0.0670
1.7854,-0.3879,-9.9407,0.1006
1.7884,-0.4501,-9.9647,0.1460
1.7913,-0.4046,-9.9575,0.1365
1.7942,-0.4238,-9.9431,0.0838
1.7972,-0.3855,-9.8210,0.1628
1.8001,-0.6033,-10.0772,0.1604
1.8031,-0.3831,-9.9120,0.0790
1.8060,-0.3136,-9.9240,0.0982
1.8089,-0.4262,-9.9742,0.1532
1.8119,-0.3735,-9.8833,0.1341
1.8148,-0.2993,-9.8952,0.0694
1.8177,-0.4477,-9.9718,0.1269
1.8207,-0.4381,-9.9192,0.0622
1.8236,-0.4310,-9.9359,0.1101
1.8266,-0.4046,-9.9096,0.0263
1.8296,-0.3711,-9.9335,0.0144
1.8326,-0.3711,-9.9407,0.0311
1.8355,-0.4238,-9.9407,0.1125
1.8384,-0.3974,-9.9072,0.0646
1.8414,-0.4214,-9.9455,0.0670
1.8443,-0.4214,-9.9192,0.1700
1.8473,-0.3136,-9.9144,0.1101
1.8502,-0.3903,-9.9551,0.1460
1.8531,-0.5866,-10.0173,0.1125
1.8561,-0.4262,-9.9048,0.1413
1.8590,-0.3136,-9.9000,0.0982
1.8620,-0.3974,-9.9623,0.0958
1.8649,-0.4405,-9.8976,0.1101
1.8678,-0.4118,-9.9407,0.0766
1.8708,-0.4238,-9.9503,0.0838
1.8737,-0.4142,-9.8952,0.0934
1.8766,-0.3783,-9.9647,0.2682
1.8796,-0.4166,-9.9072,0.0790
1.8825,-0.4357,-9.9072,0.0814
1.8855,-0.4094,-9.8617,0.1700
1.8884,-0.4286,-9.9264,0.1556
1.8914,-0.3400,-10.0916,0.0886
1.8943,-0.3926,-10.0892,0.0766
1.8972,-0.4094,-9.9431,0.0359
1.9002,-0.4142,-9.9647,0.1269
1.9031,-0.3711,-9.9192,0.0790
1.9061,-0.4453,-9.9024,0.0718
1.9090,-0.3903,-9.9359,0.1149
1.9119,-0.4094,-9.9288,0.1460
1.9149,-0.4142,-9.9096,0.1053
1.9178,-0.3855,-9.9766,0.1077
1.9208,-0.4573,-9.9359,0.2131
1.9237,-0.4262,-9.9335,0.0622
1.9266,-0.4477,-9.9264,0.0646
1.9296,-0.4166,-9.9503,0.1652
1.9327,-0.3472,-9.9072,0.0910
1.9357,-0.4046,-9.9503,0.1317
1.9386,-0.4094,-9.9455,0.2945
1.9415,-0.4405,-9.9096,0.1389
1.9445,-0.3831,-9.9311,0.2729
1.9474,-0.3926,-9.9048,0.0718
1.9504,-0.3903,-9.8857,0.0718
1.9533,-0.4405,-9.8162,0.0359
1.9563,-0.3855,-9.9168,0.1317
1.9592,-0.4453,-9.8976,0.1173
1.9622,-0.4238,-9.9168,0.0431
1.9651,-0.3328,-9.9311,0.0335
1.9681,-0.3807,-9.9359,0.1604
1.9710,-0.4381,-9.9072,0.0982
1.9740,-0.3711,-9.9288,0.0431
1.9769,-0.4310,-9.9072,0.0838
1.9799,-0.3926,-9.9431,0.1628
1.9828,-0.3639,-9.9766,0.1053
1.9858,-0.4070,-9.9862,0.1652
1.9887,-0.4094,-9.9359,0.0168
1.9917,-0.3424,-9.9479,0.2705
1.9946,-0.4812,-9.9144,0.0934
1.9976,-0.4214,-10.0940,0.0814
2.0005,-0.4118,-9.9216,0.0910
2.0034,-0.3974,-9.9431,0.0024
2.0064,-0.4046,-9.9455,0.0551
2.0093,-0.4262,-9.9479,0.1317
2.0123,-0.3998,-9.9335,0.0814
2.0152,-0.4501,-9.9407,0.1030
2.0181,-0.3831,-9.9120,0.1221
2.0211,-0.3759,-9.9120,-0.0072
2.0240,-0.3783,-9.9335,0.1077
2.0270,-0.4525,-9.9096,0.0599
2.0299,-0.4334,-9.9216,0.1532
2.0329,-0.3903,-9.9096,0.0694
2.0359,-0.4094,-9.9072,0.0814
2.0389,-0.4429,-9.9359,0.0862
2.0418,-0.4094,-9.9838,0.0694
2.0448,-0.4094,-9.8952,0.1197
2.0477,-0.4070,-9.9503,0.0527
2.0507,-0.4070,-9.9742,0.1867
2.0536,-0.3974,-9.9575,0.1173
2.0566,-0.4310,-9.8450,0.1341
2.0596,-0.4046,-9.9455,0.0958
2.0627,-0.4405,-9.9024,0.0527
2.0656,-0.4477,-9.9982,0.0862
2.0686,-0.4046,-9.9359,0.0838
2.0715,-0.4070,-9.9431,0.0742
2.0745,-0.3424,-10.1107,0.0718
2.0775,-0.4525,-9.9072,0.2634
2.0805,-0.4597,-9.9240,0.0934
2.0834,-0.4094,-9.9311,0.0455
2.0863,-0.3783,-9.9240,0.0670
2.0893,-0.3903,-9.9144,0.1173
2.0923,-0.3998,-9.8234,0.1317
2.0952,-0.4118,-9.9383,0.1772
2.0982,-0.3472,-9.9096,0.0790
2.1011,-0.4573,-9.9192,0.1532
2.1040,-0.4310,-9.9216,0.1748
2.1070,-0.3903,-9.9359,0.0958
2.1099,-0.3711,-9.9024,0.1532
2.1129,-0.3639,-9.9551,0.1006
2.1158,-0.4310,-9.9479,0.1604
2.1188,-0.4094,-9.9695,0.0910
2.1217,-0.4357,-9.9240,0.0072
2.1246,-0.4381,-9.9599,0.0934
2.1276,-0.4597,-9.9527,0.1053
2.1305,-0.3687,-10.1083,0.0982
2.1335,-0.4334,-9.9264,0.0862
2.1365,-0.4429,-9.9192,0.1293
2.1395,-0.4118,-9.9311,0.1365
2.1425,-0.4334,-10.1011,0.0215
2.1454,-0.3974,-9.9407,0.2322
2.1484,-0.4525,-9.9168,0.1245
2.1513,-0.4166,-9.9264,0.0958
2.1543,-0.3855,-9.9192,0.1556
2.1572,-0.3639,-9.9264,0.0622
2.1602,-0.4022,-9.9168,0.1173
2.1631,-0.4022,-9.9623,0.0718
2.1660,-0.3112,-9.9527,0.1125
2.1690,-0.4142,-9.9096,0.1173
2.1719,-0.4118,-9.9790,0.0886
2.1749,-0.4118,-9.9096,0.1796
2.1778,-0.4214,-9.9120,0.1700
2.1808,-0.3974,-9.9527,0.1413
2.1838,-0.4238,-9.9120,0.0407
2.1868,-0.4501,-9.9264,0.1006
2.1898,-0.3879,-9.9000,0.0790
2.1927,-0.4549,-9.9240,0.2203
2.1957,-0.3998,-9.8761,0.2753
2.1987,-0.3831,-9.9766,0.1030
2.2016,-0.5004,-9.9192,0.2514
2.2046,-0.4238,-9.8617,0.1389
2.2075,-0.4357,-9.9623,0.0287
2.2105,-0.5124,-9.9192,0.2155
2.2134,-0.4022,-9.9407,0.1221
2.2164,-0.3591,-9.8258,0.1365
2.2193,-0.4501,-9.9192,0.2203
2.2222,-0.3903,-9.8114,0.1221
2.2252,-0.3711,-9.8976,0.1269
2.2281,-0.4238,-9.9551,0.1724
2.2311,-0.4022,-9.9096,0.1030
2.2340,-0.4166,-9.9479,0.1149
2.2370,-0.4788,-9.9503,0.1652
2.2401,-0.4501,-9.9024,0.1221
2.2431,-0.3998,-9.9910,0.1652
2.2460,-0.4956,-9.9359,0.0694
2.2490,-0.4214,-9.8833,0.1221
2.2519,-0.4334,-9.9359,0.0718
2.2548,-0.4238,-9.9335,0.0455
2.2578,-0.4405,-9.9431,0.0215
2.2607,-0.3687,-9.9359,0.0024
2.2637,-0.4286,-9.9311,0.0479
2.2666,-0.4238,-9.9072,0.0742
2.2695,-0.3855,-9.8904,0.0790
2.2725,-0.4262,-9.9240,0.1077
2.2754,-0.3950,-9.8210,0.1077
2.2784,-0.3783,-9.8928,0.1077
2.2813,-0.3974,-9.8306,0.1317
2.2842,-0.4357,-9.9048,0.1556
2.2872,-0.3591,-9.9240,0.1245
2.2901,-0.4310,-9.9742,0.1173
2.2931,-0.4429,-9.9311,0.2298
2.2960,-0.4142,-9.9407,0.0790
2.2989,-0.3543,-9.9024,0.0958
2.3019,-0.3926,-9.9647,0.2155
2.3048,-0.4070,-9.9311,0.1245
2.3078,-0.4166,-9.9479,0.1867
2.3107,-0.3783,-9.9575,0.1030
2.3136,-0.2945,-9.9479,0.1365
2.3166,-0.4286,-9.8306,0.1365
2.3195,-0.4860,-9.9311,0.1245
2.3225,-0.3519,-9.9623,0.2610
2.3254,-0.4022,-9.9000,0.1173
2.3283,-0.4070,-9.9599,0.0982
2.3313,-0.3232,-9.9240,0.1269
2.3342,-0.4070,-9.8378,0.1149
2.3373,-0.4357,-9.9120,0.0551
2.3402,-0.4214,-9.9335,0.1820
2.3433,-0.3711,-9.9886,0.1580
2.3463,-0.4310,-9.9168,0.1389
2.3492,-0.4046,-9.8809,0.0838
2.3522,-0.3639,-9.9168,0.0287
2.3551,-0.3711,-9.9527,0.1700
2.3580,-0.3998,-9.9910,0.1844
2.3610,-0.3783,-9.9216,0.0455
2.3639,-0.4405,-9.9072,0.0814
2.3669,-0.4525,-9.9311,0.2035
2.3698,-0.3783,-9.9311,0.1293
2.3728,-0.4214,-9.9479,0.1125
2.3757,-0.4070,-9.9695,0.2969
2.3787,-0.4286,-9.9288,0.1484
2.3816,-0.3831,-9.8737,0.2682
2.3846,-0.3974,-9.9048,0.0551
2.3875,-0.3974,-9.9910,0.1030
2.3904,-0.3998,-10.0580,0.1365
2.3934,-0.4477,-9.9240,0.0144
2.3963,-0.5698,-9.9072,0.2011
2.3993,-0.4118,-10.1107,0.0814
2.4022,-0.4214,-9.8881,0.1173
2.4052,-0.4453,-9.9742,0.0120
2.4081,-0.4549,-9.9072,0.0694
2.4111,-0.4357,-9.9048,0.1053
2.4140,-0.4214,-9.9144,0.1365
2.4170,-0.3855,-9.9240,0.1101
2.4199,-0.3998,-9.9575,0.1197
2.4228,-0.4142,-9.9144,0.0934
2.4258,-0.3998,-9.9431,0.0551
2.4287,-0.3879,-9.9551,0.0886
2.4317,-0.3591,-9.9144,0.0910
2.4346,-0.3041,-9.9311,0.1460
2.4376,-0.3974,-9.9000,0.0958
2.4405,-0.4525,-9.8952,0.1317
2.4435,-0.3208,-9.8904,0.0862
2.4465,-0.4118,-9.9503,0.2849
2.4495,-0.4429,-9.9240,0.1484
2.4525,-0.4286,-9.9335,0.0599
2.4554,-0.4477,-9.9311,0.0575
2.4584,-0.4381,-9.9264,0.0982
2.4613,-0.4070,-9.8593,0.1317
2.4642,-0.4070,-10.0772,0.1125
2.4672,-0.3879,-10.0078,0.1341
2.4701,-0.3136,-9.9144,0.1245
2.4731,-0.3615,-9.9144,0.1652
2.4760,-0.4166,-9.9240,0.1580
2.4790,-0.3807,-9.9407,0.0814
2.4819,-0.4190,-9.9216,0.1269
2.4849,-0.4429,-9.9264,0.1293
2.4878,-0.4310,-9.9431,0.1772
2.4908,-0.3615,-9.9120,0.0958
2.4937,-0.4693,-9.9958,0.2801
2.4966,-0.4238,-9.9264,0.1173
2.4996,-0.4190,-9.9120,0.0120
2.5025,-0.4812,-9.9311,0.1077
2.5055,-0.4094,-10.0652,0.1125
2.5084,-0.4214,-9.9311,0.0527
2.5113,-0.4142,-9.8785,0.2298
2.5143,-0.3974,-9.8976,0.1700
2.5172,-0.3687,-9.9264,0.0790
2.5201,-0.3926,-9.9120,0.1772
2.5231,-0.4022,-9.9479,0.1365
2.5260,-0.3519,-9.9982,0.0096
2.5290,-0.4573,-9.9431,0.0982
2.5319,-0.4669,-9.9671,0.1484
2.5348,-0.3424,-9.9766,0.0551
2.5378,-0.3711,-9.9671,0.2897
2.5407,-0.4022,-9.9503,0.2729
2.5437,-0.4262,-9.8641,0.1867
2.5466,-0.4477,-9.9886,0.0982
2.5497,-0.4286,-9.8857,0.1293
2.5526,-0.4645,-9.9000,0.1221
2.5556,-0.3711,-9.9431,0.0838
2.5585,-0.4190,-9.8976,0.0000
2.5615,-0.4501,-9.8881,0.1413
2.5644,-0.3879,-9.9527,0.1173
2.5674,-0.5722,-9.8210,0.1556
2.5703,-0.4166,-9.9527,0.1101
2.5732,-0.3974,-9.8186,0.0479
2.5762,-0.4166,-9.9335,0.0575
2.5791,-0.4214,-10.0054,0.0982
2.5821,-0.3974,-9.9335,0.0575
2.5850,-0.4310,-9.9982,0.1460
2.5879,-0.3998,-9.9024,0.0766
2.5909,-0.4190,-9.9096,0.0814
2.5938,-0.4262,-9.9168,0.0479
2.5968,-0.3974,-9.9264,0.0359
2.5997,-0.4286,-9.9120,0.1891
2.6027,-0.3950,-9.9000,0.0144
2.6056,-0.4166,-9.9575,0.0838
2.6086,-0.4429,-10.1107,0.1365
2.6115,-0.3903,-9.8282,0.0503
2.6145,-0.3735,-9.9120,0.2705
2.6174,-0.3879,-9.9240,0.1652
2.6204,-0.3903,-10.1011,0.0622
2.6233,-0.4166,-10.0700,0.1796
2.6262,-0.4238,-9.9671,0.1221
2.6292,-0.4453,-9.8928,0.0910
2.6321,-0.4310,-9.9407,0.1269
2.6351,-0.4621,-9.8617,0.1341
2.6380,-0.4142,-9.9168,0.1389
2.6410,-0.3615,-9.9503,0.1006
2.6439,-0.4046,-9.9120,0.0503
2.6469,-0.3735,-9.9288,0.0790
2.6499,-0.3280,-9.9072,0.0766
2.6529,-0.4453,-9.9647,0.1484
2.6558,-0.4238,-9.9192,0.1508
2.6588,-0.3950,-9.9695,0.0455
2.6617,-0.3926,-9.9958,0.0168
2.6647,-0.4070,-9.9240,0.1125
2.6676,-0.4190,-9.9575,0.1125
2.6706,-0.4142,-10.1035,0.0910
2.6735,-0.4286,-9.8186,0.1317
2.6765,-0.4501,-9.9383,0.1748
2.6794,-0.4357,-9.9264,0.1293
2.6824,-0.4597,-9.9240,0.0072
2.6853,-0.3089,-9.9551,0.0838
2.6882,-0.4142,-9.9120,0.1030
2.6912,-0.3926,-9.9407,0.6321
2.6941,-8.8562,-15.8903,-4.5849
2.6971,0.0311,-9.6175,-2.4325
2.7000,-8.5593,-19.6133,0.5483
2.7030,-3.8834,-4.4484,0.2011
2.7059,0.2658,-6.9384,0.1365
2.7089,-0.3112,-11.7555,0.0982
2.7118,-0.5100,-10.4004,0.2322
2.7147,-0.2251,-10.1466,0.1173
2.7177,-0.7111,-10.0580,-0.2227
2.7206,-0.1628,-9.6750,0.4693
2.7236,-9.3589,-14.7100,5.9256
2.7265,-13.7978,-19.5654,2.5283
2.7295,0.9218,-19.6133,-6.8019
2.7324,-1.0247,-19.5630,-4.6950
2.7354,0.3735,-1.6616,0.7661
2.7383,1.7023,-7.4939,0.8308
2.7413,-8.3510,-19.6133,-3.8547
2.7442,-0.5938,-7.9847,-3.4692
2.7471,3.7278,-9.7995,-2.8611
2.7501,17.2670,-3.9073,2.9521
2.7531,19.6127,-2.9856,-2.2314
2.7561,1.1420,-5.2625,0.1245
2.7590,0.2251,-11.5784,0.1556
2.7620,-0.3543,-10.3717,0.1628
2.7649,-0.2322,-10.1251,0.0838
2.7679,-0.3663,-9.9695,0.1053
2.7708,-0.2921,-9.9120,0.0527
2.7738,-0.3831,-9.9407,0.0742
2.7767,-0.5842,-9.9599,0.3017
2.7796,-0.3855,-9.9886,0.1269
2.7826,-0.4453,-9.9455,0.0120
2.7855,-0.4262,-9.8952,0.1173
2.7884,-0.3639,-10.1131,0.2801
2.7914,-0.3783,-10.0437,0.1604
2.7943,-0.3903,-9.8114,0.0790
2.7973,-0.3974,-9.9144,0.1101
2.8002,-0.4022,-10.0006,0.1293
2.8031,-0.4429,-9.9168,0.1963
2.8061,-0.4046,-9.9551,0.0694
2.8090,-0.4094,-9.9120,0.0335
2.8120,-0.4310,-9.9000,0.0599
2.8149,-0.4166,-9.9168,0.1437
2.8178,-0.4429,-9.9431,0.2801
2.8208,-0.3424,-9.9216,0.1341
2.8237,-0.4429,-9.9024,0.0670
2.8267,-0.4142,-9.9144,0.2945
2.8296,-0.4046,-9.9240,0.1077
2.8325,-0.3950,-9.8162,0.0982
2.8355,-0.5459,-9.9407,0.0359
2.8384,-0.4214,-9.8904,0.1317
2.8414,-0.5722,-9.8593,0.1652
2.8443,-0.4357,-9.9144,0.2011
2.8472,-0.4070,-9.9264,0.0790
2.8502,-0.4214,-9.9335,0.1101
2.8531,-0.4286,-9.9575,0.1293
2.8562,-0.3879,-9.9264,0.1676
2.8592,-0.4501,-9.9599,0.1245
2.8621,-0.4094,-9.9431,0.2179
2.8651,-0.4070,-9.9168,0.0982
2.8680,-0.3998,-9.9407,0.1269
2.8709,-0.4046,-9.9814,0.0958
2.8739,-0.4286,-9.9024,0.0790
2.8768,-0.4693,-9.9383,0.0192
2.8798,-0.4238,-9.9264,0.0287
2.8827,-0.4118,-9.9096,0.0024
2.8856,-0.3759,-9.9551,0.0575
2.8886,-0.3950,-9.9311,0.1101
2.8915,-0.4549,-9.9048,0.2035
2.8945,-0.3663,-9.9192,0.0215
2.8974,-0.4094,-9.9575,0.1939
2.9003,-0.3400,-9.9216,0.0551
2.9033,-0.3472,-9.9407,0.1317
2.9062,-0.6057,-9.9335,0.1006
2.9091,-0.4262,-9.9455,0.1365
2.9121,-0.3615,-9.9335,0.0742
2.9150,-0.4405,-9.9168,0.1532
2.9180,-0.4142,-9.9240,0.1365
2.9209,-0.4597,-9.9072,0.1772
2.9239,-0.4429,-9.9096,0.1197
2.9268,-0.4310,-9.9192,0.0000
2.9297,-0.4214,-9.8833,0.0575
2.9327,-0.5028,-9.8952,0.1365
2.9356,-0.4357,-9.8833,0.1030
2.9386,-0.4334,-9.9264,0.1006
2.9415,-0.3879,-9.8114,0.0263
2.9444,-0.4142,-9.8306,0.1772
2.9474,-0.4070,-10.0437,0.1269
2.9503,-0.3687,-9.9575,0.1508
2.9533,-0.5866,-9.9048,0.0503
2.9562,-0.4022,-9.9671,0.1317
2.9593,-0.3903,-9.9599,0.1580
2.9623,-0.4070,-9.9359,0.0886
2.9652,-0.3663,-9.9383,0.0982
2.9681,-0.3974,-9.9503,0.1053
2.9711,-0.4405,-9.9383,0.0862
2.9740,-0.4190,-9.9264,0.1245
2.9770,-0.3974,-9.9383,0.1221
2.9799,-0.4357,-9.9599,0.0120
2.9829,-0.3950,-9.9311,0.0958
2.9858,-0.4238,-10.0006,0.1006
2.9887,-0.4142,-9.9000,0.1006
2.9917,-0.4310,-9.9168,0.0479
2.9946,-0.4286,-9.9120,0.0862
2.9976,-0.4238,-9.9335,0.1365
3.0005,-0.4262,-9.9934,0.0311
3.0034,-0.3543,-9.9144,0.0814
3.0064,-0.4070,-9.9503,0.0287
3.0094,-0.3615,-9.9766,0.1963
3.0123,-0.3879,-9.9551,0.0599
3.0152,-0.4310,-9.9479,0.1652
3.0182,-0.3879,-9.9551,0.0910
3.0211,-0.4214,-9.9048,0.0838
3.0241,-0.3950,-9.9431,0.1053
3.0270,-0.4286,-9.9982,0.0862
3.0300,-0.4357,-9.9311,0.0527
3.0329,-0.4501,-9.8474,0.1221
3.0358,-0.3759,-9.9623,0.0168
3.0388,-0.4573,-9.9144,0.1293
3.0417,-0.4046,-10.0844,0.0814
3.0447,-0.4429,-9.9479,0.0120
3.0476,-0.3448,-9.8330,0.0886
3.0505,-0.3663,-9.8881,0.1413
3.0535,-0.3831,-9.9000,0.1484
3.0564,-0.4429,-9.9264,0.1652
3.0594,-0.4525,-9.9503,0.0670
3.0624,-0.3974,-9.8857,0.0575
3.0654,-0.4429,-9.9264,0.1006
3.0683,-0.4477,-9.8881,0.1293
3.0713,-0.4046,-9.9072,0.1532
3.0742,-0.3831,-9.9479,0.0503
3.0772,-0.4310,-9.9168,0.0407
3.0801,-0.4597,-9.9407,0.1317
3.0831,-0.3783,-9.9383,0.1676
3.0860,-0.3831,-9.8641,0.1748
3.0889,-0.3519,-9.9264,0.1317
3.0919,-0.4070,-9.9335,0.1460
3.0948,-0.4238,-9.9240,0.0670
3.0977,-0.4022,-9.9359,0.0718
3.1007,-0.4142,-9.9311,0.0670
3.1036,-0.4118,-9.9455,0.0311
3.1066,-0.4405,-9.8306,0.1221
3.1095,-0.3567,-9.9120,0.1006
3.1125,-0.4238,-9.9311,0.1389
3.1155,-0.5770,-9.9431,0.0000
3.1185,-0.4357,-9.9838,0.0742
3.1214,-0.4070,-9.9575,0.0407
3.1244,-0.4046,-9.9240,0.1724
3.1273,-0.4429,-9.9886,0.1317
3.1302,-0.3926,-9.9431,0.1628
3.1332,-0.4214,-9.9695,0.1508
3.1361,-0.3448,-9.9096,0.2011
3.1391,-0.3591,-9.9311,0.0694
3.1420,-0.4262,-9.9766,0.1437
3.1449,-0.3711,-9.8593,0.0503
3.1479,-0.4741,-9.9838,0.1197
3.1508,-0.3855,-9.9599,0.0527
3.1538,-0.3807,-9.9240,0.0814
3.1567,-0.3759,-9.9000,0.0862
3.1596,-0.3855,-9.9192,0.0144
3.1626,-0.3903,-9.9503,0.0742
3.1656,-0.3160,-9.9695,0.1963
3.1686,-0.3112,-9.9192,0.1006
3.1715,-0.3160,-9.9048,0.0287
3.1745,-0.4477,-9.9599,0.1317
3.1774,-0.5746,-9.9790,0.0838
3.1804,-0.4214,-9.9790,0.1030
3.1834,-0.3974,-9.9599,0.2227
3.1864,-0.4717,-9.8809,0.1580
3.1894,-0.3807,-9.9647,0.1269
3.1923,-0.4621,-9.9431,0.0287
3.1953,-0.4118,-9.9527,0.1652
3.1983,-0.4046,-9.9264,0.1317
3.2013,-0.4286,-9.9431,0.0934
3.2042,-0.4094,-9.9048,0.0718
3.2072,-0.4214,-9.8904,0.1125
3.2101,-0.4262,-9.9096,0.1125
3.2131,-0.4621,-9.8976,0.1173
3.2160,-0.4070,-9.9072,0.1628
3.2190,-0.4525,-9.9264,0.0239
3.2219,-0.3807,-9.9790,0.0120
3.2249,-0.4262,-9.9575,0.1389
3.2278,-0.4094,-9.8713,0.1245
3.2308,-0.3855,-9.9120,0.1508
3.2337,-0.4238,-9.9192,0.1053
3.2366,-0.3879,-9.9503,0.1006
3.2396,-0.3639,-10.1083,0.2897
3.2425,-0.4094,-9.9599,0.1293
3.2455,-0.3926,-9.9455,0.1053
3.2484,-0.4286,-9.9311,0.0694
3.2514,-0.4310,-9.9264,0.1269
3.2543,-0.4238,-9.9671,0.1460
3.2573,-0.4070,-9.9407,0.1389
3.2603,-0.4621,-9.9240,0.1006
3.2632,-0.4262,-9.9096,0.1221
3.2663,-0.3783,-9.9431,0.1221
3.2694,-0.3903,-9.9575,0.0622
3.2725,-0.3831,-9.9671,0.0646
3.2755,-0.4310,-9.9407,0.1173
3.2786,-0.3903,-9.9024,0.0742
3.2816,-0.3136,-9.9982,0.1293
3.2847,-0.4094,-9.8928,0.1006
3.2877,-0.4286,-9.9551,0.1820
3.2907,-0.4525,-10.0820,0.1413
3.2938,-0.4262,-9.8186,0.1269
3.2968,-0.4142,-9.9790,0.0527
3.2999,-0.4286,-9.9479,0.0982
3.3029,-0.4166,-9.9766,0.1317
3.3059,-0.4693,-9.9766,0.0670
3.3090,-0.3950,-9.9216,0.0886
3.3120,-0.3974,-9.9718,0.1173
3.3150,-0.4525,-9.9814,0.0551
3.3181,-0.4190,-9.9216,0.1987
3.3211,-0.3926,-9.9575,0.1221
3.3242,-0.3831,-9.9288,0.0862
3.3272,-0.3687,-9.9168,0.1437
3.3302,-0.4238,-9.9479,0.0934
3.3333,-0.4477,-9.9527,0.1700
3.3363,-0.4357,-9.8665,0.0910
3.3394,-0.3184,-9.9599,0.1245
3.3424,-0.4310,-9.9048,0.1341
3.3454,-0.4549,-9.8904,0.1077
3.3485,-0.4310,-9.9790,0.1245
3.3515,-0.4022,-9.8737,0.1125
3.3546,-0.4597,-10.0868,0.1293
3.3576,-0.4549,-9.9431,0.1796
3.3606,-0.3926,-9.9359,0.0646
3.3637,-0.4046,-9.9144,0.0790
3.3667,-0.3903,-9.9479,0.1269
3.3698,-0.4070,-9.9455,0.2346
3.3729,-0.4334,-9.9048,0.2610
3.3760,-0.4573,-9.9144,0.0431
3.3791,-0.4549,-9.9671,0.1221
3.3822,-0.3879,-9.9000,0.1245
3.3853,-0.3831,-9.9192,0.1413
3.3883,-0.4022,-9.9551,0.1197
3.3914,-0.4621,-9.9288,0.1413
3.3945,-0.3208,-9.9647,0.0694
3.3975,-0.3950,-9.9264,0.1125
3.4006,-0.4429,-9.9599,0.1173
3.4036,-0.5914,-9.9072,0.0407
3.4067,-0.5986,-9.9455,0.1867
3.4098,-0.3903,-9.9000,0.1101
3.4128,-0.4094,-9.8114,0.1389
3.4159,-0.3496,-9.9216,0.2155
3.4189,-0.4286,-9.8306,0.0814
3.4220,-0.3448,-9.9240,0.1077
3.4250,-0.4549,-9.9695,0.1173
3.4281,-0.4166,-9.9048,0.1245
3.4312,-0.4142,-9.9431,0.1053
3.4342,-0.4429,-9.9455,0.1676
3.4373,-0.3591,-9.9288,0.0790
3.4404,-0.4357,-9.9671,0.1149
3.4434,-0.4357,-9.9192,0.0790
3.4465,-0.3926,-9.9359,0.1820
3.4496,-0.4310,-9.9527,0.1772
3.4526,-0.4381,-9.9647,0.1437
3.4557,-0.4286,-10.1083,0.0910
3.4587,-0.3663,-9.9527,0.0694
3.4618,-0.3974,-9.9192,0.1173
3.4649,-0.4357,-9.9359,0.2035
3.4680,-0.4022,-10.0724,0.0982
3.4710,-0.4046,-9.8809,0.2777
3.4741,-0.4262,-9.9120,0.0599
3.4772,-0.4022,-9.9120,0.1915
3.4804,-0.3879,-9.9551,0.0958
3.4835,-0.4118,-9.9144,0.1173
3.4866,-0.4597,-9.9407,0.0766
3.4897,-0.3112,-9.9479,0.1173
3.4927,-0.5842,-9.9240,0.1030
3.4958,-0.4070,-9.9000,0.1341
3.4988,-0.4501,-9.9814,0.0838
3.5019,-0.4477,-9.9048,0.0982
3.5049,-0.4357,-10.0868,0.2897
3.5080,-0.4597,-10.0173,0.0886
3.5110,-0.4501,-9.9671,0.0910
3.5141,-0.3926,-9.9240,0.0359
3.5171,-0.4645,-9.9216,0.0838
3.5202,-0.3974,-9.9264,0.1652
3.5232,-0.3855,-9.9431,0.1365
3.5263,-0.3974,-9.9359,0.2155
3.5293,-0.4357,-10.0197,0.1317
3.5324,-0.4238,-9.9431,0.0718
3.5354,-0.5004,-9.9144,0.1796
3.5384,-0.3783,-9.9024,0.0982
3.5415,-0.4357,-9.9335,0.1030
3.5445,-0.3807,-9.9479,0.1293
3.5476,-0.4094,-9.9240,0.0646
3.5506,-0.3687,-9.9240,0.1030
3.5537,-0.4022,-9.8330,0.1484
3.5567,-0.3735,-9.8904,0.0718
3.5598,-0.4094,-9.9168,0.1245
3.5629,-0.4286,-9.9503,0.0862
3.5661,-0.3903,-9.8162,0.0814
3.5692,-0.4046,-9.9766,0.1077
3.5723,-0.4094,-9.9503,0.1652
3.5754,-0.4549,-9.9144,0.0886
3.5785,-0.4525,-9.9718,0.2155
3.5816,-0.4238,-9.9168,0.1508
3.5847,-0.6129,-9.9599,0.1101
3.5878,-0.3711,-9.9359,0.1460
3.5909,-0.4286,-10.0892,0.1987
3.5941,-0.4621,-9.9575,0.0910
3.5972,-0.4501,-9.9551,0.1006
3.6002,-0.4357,-9.9527,0.0718
3.6033,-0.4788,-9.9192,0.0934
3.6063,-0.3352,-10.0006,0.1341
3.6094,-0.4501,-9.9024,0.0910
3.6125,-0.4070,-9.9575,0.1820
3.6155,-0.4262,-9.9240,0.1700
3.6186,-0.4381,-9.9431,0.0503
3.6217,-0.5148,-9.9168,0.0886
3.6247,-0.3926,-9.8952,0.0527
3.6278,-0.4334,-9.9479,0.1484
3.6309,-0.3519,-9.9216,0.1149
3.6339,-0.3807,-9.9024,0.1341
3.6370,-0.3472,-9.9599,0.1149
3.6400,-0.3400,-10.0844,0.1221
3.6431,-0.4262,-9.9455,0.1365
3.6461,-0.3496,-9.9623,0.0239
3.6492,-0.3855,-9.9718,0.0718
3.6522,-0.4190,-9.9096,0.1197
3.6553,-0.4693,-9.9144,0.0958
3.6583,-0.4549,-9.9264,-0.0239
3.6614,-0.4262,-9.9647,0.1125
3.6645,-0.4477,-9.8785,0.1197
3.6675,-0.4357,-9.9958,0.0886
3.6706,-0.4070,-9.9575,0.0790
3.6736,-0.4070,-9.8928,0.1867
3.6767,-0.4429,-10.0293,0.1724
3.6797,-0.4238,-9.9288,0.1628
3.6828,-0.3735,-10.1011,0.1676
3.6858,-0.3711,-9.9599,0.0934
3.6889,-0.4597,-10.1083,0.0168
3.6920,-0.3448,-9.8138,0.1413
3.6951,-0.3950,-9.9742,0.2825
3.6982,-0.3735,-9.9192,0.0407
3.7012,-0.3855,-9.9264,0.0718
3.7043,-0.3543,-9.9264,0.1915
3.7073,-0.3903,-9.9120,0.2394
3.7104,-0.3974,-9.9168,0.1413
3.7134,-0.4022,-9.9575,0.1580
3.7165,-0.4070,-9.9288,0.0646
3.7195,-0.4525,-9.8761,0.0407
3.7226,-0.5842,-9.9383,0.1365
3.7256,-0.3567,-9.9240,0.1053
3.7287,-0.4573,-9.9264,0.1844
3.7317,-0.5794,-9.8904,0.0263
3.7348,-0.4477,-10.0940,0.1125
3.7378,-0.5962,-9.8713,0.2849
3.7409,-0.5938,-9.9647,0.3041
3.7439,-0.4501,-9.8761,0.2801
3.7470,-0.4381,-9.9479,0.1317
3.7500,-0.3831,-9.9407,0.2490
3.7531,-0.4022,-9.8474,0.0934
3.7561,-0.4094,-9.9575,0.1269
3.7592,-0.4525,-9.8737,0.0096
3.7623,-0.4381,-9.8928,0.0479
3.7653,-0.4190,-9.9216,0.1317
3.7684,-0.4094,-9.9479,0.1125
3.7714,-0.3974,-9.9096,0.1173
3.7745,-0.4094,-9.9216,0.1820
3.7775,-0.4046,-9.9551,0.0886
3.7806,-0.4381,-9.9264,0.0694
3.7836,-0.5818,-9.9240,0.1604
3.7867,-0.3855,-9.9383,0.0742
3.7897,-0.3136,-10.0724,0.0838
3.7928,-0.4238,-9.9168,0.1365
3.7958,-0.3472,-9.9311,0.0024
3.7990,-0.4070,-10.0604,0.0718
3.8022,-0.3663,-9.9383,0.0215
3.8052,-0.3926,-9.9479,0.0766
3.8083,-0.4525,-9.9311,0.0934
3.8114,-0.4405,-9.9599,0.0455
3.8144,-0.3831,-9.9742,0.0718
3.8175,-0.3591,-9.9216,0.0646
3.8206,-0.3855,-9.9120,0.1221
3.8236,-0.4310,-9.9359,0.1484
3.8267,-0.5746,-9.9407,0.0862
3.8297,-0.4046,-9.8162,0.0431
3.8328,-0.3735,-10.0461,0.1365
3.8359,-0.3663,-10.1059,0.0335
3.8389,-0.4118,-9.9096,0.0934
3.8420,-0.3711,-9.9024,0.1269
3.8451,-0.4286,-9.9503,0.0599
3.8481,-0.4621,-10.0030,0.0455
3.8512,-0.4070,-9.9048,0.0144
3.8542,-0.4908,-9.9359,0.0766
3.8573,-0.3735,-9.9695,0.0024
3.8604,-0.3543,-9.9527,0.0982
3.8634,-0.3950,-9.9790,0.0934
3.8665,-0.4214,-9.9647,0.0694
3.8696,-0.4286,-9.9096,0.0263
3.8726,-0.3950,-9.9120,0.1891
3.8757,-0.3903,-9.9575,0.1269
3.8787,-0.4310,-9.9192,0.1173
3.8818,-0.5722,-9.9503,0.0958
3.8849,-0.4142,-9.9168,0.0239
3.8879,-0.3184,-9.8857,0.0072
3.8910,-0.4214,-10.0485,0.0646
3.8941,-0.4286,-9.9431,0.1508
3.8971,-0.4932,-10.0628,0.1484
3.9002,-0.4405,-9.9527,0.2251
3.9033,-0.4429,-9.8952,0.1245
3.9065,-0.3974,-9.9455,0.1460
3.9095,-0.4860,-9.9766,0.1006
3.9126,-0.4573,-9.9000,0.1317
3.9156,-0.4310,-9.8857,0.1508
3.9189,-0.4166,-9.9335,0.1293
3.9220,-0.4477,-9.9599,0.0742
3.9251,-0.4501,-9.9503,0.0527
3.9282,-0.4166,-9.9264,0.0886
3.9312,-0.4046,-9.9455,0.1053
3.9343,-0.4094,-9.9311,0.0335
3.9373,-0.3998,-9.9407,0.0934
3.9404,-0.4405,-9.9192,-0.0024
3.9435,-0.4238,-9.9647,0.1389
3.9466,-0.4621,-9.9766,0.1748
3.9496,-0.4501,-9.9192,0.1269
3.9527,-0.3208,-9.9240,0.2083
3.9557,-0.3783,-9.9000,0.0838
3.9588,-0.3735,-9.8928,0.0646
3.9619,-0.4262,-9.9240,0.1077
3.9650,-0.3759,-9.9311,0.1077
3.9680,-0.3089,-10.0580,0.2753
3.9711,-0.4405,-9.9096,0.0934
3.9742,-0.4118,-9.8521,0.1365
3.9773,-0.4836,-9.9264,0.1125
3.9803,-0.4573,-9.8569,0.1317
3.9834,-0.3950,-9.8785,0.1101
3.9864,-0.3998,-9.9311,0.1030
3.9895,-0.4046,-9.9671,0.0862
3.9925,-0.3879,-9.9264,0.2155
3.9956,-0.4621,-9.9599,0.0359
3.9986,-0.4286,-9.9503,0.0838
4.0017,-0.3711,-9.9503,0.1556
4.0048,-0.3855,-9.9383,0.1676
4.0079,-0.3903,-9.9000,0.0838
4.0110,-0.3687,-9.9288,-0.0646
4.0141,-0.4669,-9.8976,0.0383
4.0172,-0.4238,-9.9599,0.0742
4.0202,-0.3783,-9.9623,0.0431
4.0233,-0.4357,-9.9359,0.1460
4.0264,-0.4190,-9.9599,0.0934
4.0294,-0.3663,-9.9766,0.1197
4.0325,-0.4190,-9.9599,0.0383
4.0355,-0.3950,-9.9072,0.0503
4.0386,-0.3639,-9.9742,0.1149
4.0417,-0.3639,-9.9838,0.1389
4.0447,-0.4573,-9.8904,0.0024
4.0478,-0.4094,-9.9527,0.1724
4.0508,-0.3879,-9.9096,0.1341
4.0539,-0.4525,-9.9671,0.0910
4.0570,-0.3974,-9.9072,0.0144
4.0600,-0.4310,-10.0724,0.1221
4.0631,-0.4669,-9.9503,0.0359
4.0662,-0.4022,-9.9072,0.2466
4.0692,-0.4142,-9.8976,0.1173
4.0723,-0.4597,-9.9335,0.1149
4.0754,-0.4405,-9.9288,0.2586
4.0784,-0.3855,-9.9096,0.0694
4.0815,-0.4070,-9.9120,0.1269
4.0845,-0.3903,-9.9431,0.1053
4.0876,-0.4166,-9.9264,0.0503
4.0907,-0.4214,-9.9623,0.1532
4.0937,-0.4525,-9.9503,0.0599
4.0968,-0.4405,-9.9479,0.1077
4.0998,-0.4118,-9.9072,0.0814
4.1029,-0.4549,-9.9120,0.1460
4.1060,-0.4310,-9.9575,0.0024
4.1090,-0.3089,-9.9599,0.1365
4.1121,-0.5531,-9.9311,0.1293
4.1153,-0.4381,-9.9048,0.0646
4.1184,-0.4405,-9.9599,0.0479
4.1214,-0.4286,-9.9311,0.0239
4.1245,-0.4549,-9.9024,0.1077
4.1276,-0.3543,-9.9335,0.1437
4.1307,-0.3950,-9.9168,0.1245
4.1338,-0.4405,-9.8904,0.0575
4.1368,-0.4357,-9.9862,0.1389
4.1399,-0.3543,-9.8114,0.1820
4.1430,-0.3783,-9.9144,0.0192
4.1460,-0.4310,-9.9599,0.0646
4.1491,-0.4214,-9.9288,0.2658
4.1521,-0.4046,-9.9359,0.0790
4.1552,-0.3903,-9.9407,0.0048
4.1583,-0.4549,-9.9240,0.0958
4.1613,-0.4453,-9.9311,0.0383
4.1644,-0.4549,-9.9551,0.1125
4.1675,-0.4262,-9.9431,0.0694
4.1705,-0.3711,-9.9096,0.1508
4.1736,-0.3855,-9.8474,0.1197
4.1766,-0.3974,-9.9934,0.1580
4.1797,-0.3591,-9.9838,0.0766
4.1828,-0.4142,-9.9264,0.1006
4.1859,-0.4166,-9.9575,0.1652
4.1890,-0.4645,-10.0916,0.1484
4.1920,-0.4310,-9.9575,0.0024
4.1951,-0.4094,-9.8138,0.2514
4.1982,-0.4549,-9.9455,0.0694
4.2012,-0.4860,-9.9264,0.0910
4.2043,-0.4549,-9.9862,0.1508
4.2073,-0.4717,-9.9431,0.0335
4.2104,-0.4381,-9.9599,0.2849
4.2135,-0.4836,-9.9168,0.1245
4.2165,-0.3831,-9.9599,0.0862
4.2197,-0.3950,-9.9455,0.1077
4.2229,-0.4094,-9.9599,0.0263
4.2259,-0.4142,-9.9527,0.2155
4.2290,-0.4477,-9.8976,0.0982
4.2320,-0.3352,-9.9240,0.1915
4.2351,-0.3998,-9.9575,0.1413
4.2382,-0.4669,-9.9144,0.0622
4.2413,-0.4214,-9.9599,0.3017
4.2444,-0.3879,-9.9647,0.0790
4.2475,-0.4669,-9.9575,0.0934
4.2505,-0.3950,-9.9575,0.1197
4.2536,-0.3974,-9.9407,0.0790
4.2567,-0.3567,-9.9647,0.0910
4.2597,-0.3639,-9.9168,0.1604
4.2628,-0.3974,-9.9647,0.0910
4.2658,-0.4310,-9.9264,0.1820
4.2689,-0.5171,-9.9335,0.0814
4.2720,-0.4286,-9.8090,0.1030
4.2750,-0.5291,-9.9096,0.1125
4.2781,-0.4166,-10.0030,0.1556
4.2811,-0.3112,-9.9335,0.0622
4.2842,-0.4166,-9.9479,0.0024
4.2872,-0.4645,-10.0820,0.0455
4.2903,-0.4573,-9.9359,0.1341
4.2933,-0.3903,-9.9647,0.1820
4.2964,-0.4381,-9.9431,0.2849
4.2994,-0.3998,-9.9455,0.0287
4.3025,-0.3926,-9.9599,0.1149
4.3055,-0.3926,-9.9240,0.1197
4.3086,-0.4549,-9.8904,0.1700
4.3116,-0.3663,-9.9431,0.0622
4.3147,-0.4142,-9.8833,0.1460
4.3177,-0.3998,-9.9072,0.1508
4.3208,-0.3472,-9.9766,0.0838
4.3240,-0.4310,-9.9383,0.1317
4.3271,-0.3352,-9.9096,0.3017
4.3302,-0.3855,-9.8210,0.0383
4.3332,-0.3950,-9.9599,0.0862
4.3363,-0.3903,-9.9527,0.0718
4.3393,-0.4262,-9.9335,0.0814
4.3424,-0.3759,-9.9599,0.2586
4.3454,-0.4166,-9.9311,0.0694
4.3485,-0.3663,-9.8928,0.0072
4.3515,-0.3711,-9.9599,0.0622
4.3546,-0.4717,-9.8641,0.1269
4.3576,-0.3974,-9.9288,0.1053
4.3607,-0.4118,-9.9407,0.1030
4.3637,-0.4405,-9.9311,0.1077
4.3668,-0.3089,-9.9695,0.1197
4.3699,-0.3615,-9.9216,0.0958
4.3729,-0.4357,-9.9383,0.1149
4.3760,-0.4118,-9.9120,0.0407
4.3790,-0.4549,-9.9479,0.1221
4.3821,-0.4214,-9.9096,0.2035
4.3851,-0.3926,-9.9288,0.0383
4.3882,-0.4429,-9.9503,0.0694
4.3912,-0.3879,-10.0940,0.2466
4.3943,-0.4693,-9.9383,0.1317
4.3973,-0.4310,-9.9335,0.1700
4.4004,-0.4094,-9.9264,0.0838
4.4034,-0.4525,-9.9766,0.1030
4.4065,-0.3926,-9.9168,0.1628
4.4095,-0.3926,-9.9264,0.0599
4.4126,-0.4525,-9.8833,0.0886
4.4156,-0.4046,-9.9407,0.1006
4.4187,-0.3998,-9.9024,0.0670
4.4217,-0.4357,-9.9264,0.0670
4.4248,-0.4142,-9.9311,0.1269
4.4278,-0.4693,-9.9455,0.1077
4.4309,-0.4453,-9.9742,0.1772
4.4340,-2.2194,-4.1492,0.2059
4.4371,-4.9919,-10.0963,-4.4149
4.4401,6.3542,-16.5487,-8.5569
4.4432,0.7757,-16.9773,0.3711
4.4462,-7.8458,-6.1052,-0.2251
4.4493,-0.5674,-10.4627,-2.2338
4.4524,10.1299,-19.0004,-1.1660
4.4555,-1.1420,-1.2594,0.9409
4.4586,-0.8715,-6.7540,0.3112
4.4617,-6.0382,-8.9040,0.7781
4.4647,-0.7925,-11.5855,-11.8082
4.4678,0.0072,-19.6133,-1.9609
4.4709,-18.3037,-3.9361,4.0797
4.4740,0.3280,-2.3439,-4.1515
4.4771,14.5561,-5.6407,0.6129
4.4802,9.2129,-10.3908,0.1413
4.4832,0.8906,-10.2232,0.2658
4.4863,0.2562,-10.2639,0.1030
4.4893,-0.3735,-9.9527,0.2729
4.4924,-0.4094,-9.9240,0.0335
4.4954,-0.4214,-9.9288,0.1413
4.4985,-0.4573,-9.9168,0.0575
4.5015,-0.2969,-9.9814,0.0239
4.5046,-0.4142,-9.8809,0.1341
4.5076,-0.3855,-9.9192,0.0982
4.5107,-0.4262,-9.9742,0.0551
4.5137,-0.4836,-9.9695,0.0024
4.5168,-0.3448,-9.9599,0.1053
4.5198,-0.4549,-9.8713,0.2011
4.5229,-0.3974,-9.9671,0.1389
4.5259,-0.4238,-9.8928,0.1006
4.5290,-0.4357,-10.0892,0.1556
4.5320,-0.4190,-9.9383,0.1748
4.5351,-0.3998,-9.9742,0.1293
4.5382,-0.3424,-9.9335,0.1580
4.5413,-0.3472,-9.8210,0.0024
4.5443,-0.4357,-9.8713,0.0311
4.5474,-0.4046,-9.9120,0.0359
4.5505,-0.4717,-9.9096,0.0742
4.5535,-0.4046,-9.9407,0.2035
4.5566,-0.4166,-9.9024,0.0431
4.5596,-0.4190,-9.9575,0.0431
4.5627,-0.4621,-9.9168,0.0599
4.5657,-0.3304,-9.8665,0.1460
4.5688,-0.4573,-9.9192,0.1030
4.5718,-0.3711,-9.9647,0.0670
4.5749,-0.4501,-9.8904,0.0718
4.5779,-0.4094,-9.9479,0.1173
4.5810,-0.3926,-9.9599,0.0622
4.5840,-0.4238,-9.9407,0.1891
4.5871,-0.5962,-9.8114,0.0072
4.5902,-0.3879,-10.1059,0.0287
4.5932,-0.3711,-9.9551,0.2011
4.5963,-0.4286,-9.9311,0.2729
4.5993,-0.4118,-9.9479,0.0287
4.6023,-0.4310,-9.9311,0.0000
4.6054,-0.4118,-9.9311,0.0790
4.6084,-0.4405,-9.9647,0.1341
4.6115,-0.4597,-9.8569,0.0144
4.6145,-0.3903,-9.8809,0.1197
4.6176,-0.3639,-9.9455,0.1125
4.6206,-0.3831,-9.9264,0.1772
4.6237,-0.4429,-9.9431,0.0934
4.6267,-0.4262,-9.9623,0.2035
4.6298,-0.4429,-9.9431,0.1030
4.6328,-0.4238,-9.8976,0.1293
4.6359,-0.5914,-9.8976,0.1341
4.6389,-0.3208,-9.9479,0.0910
4.6422,-0.5962,-9.9216,0.1437
4.6453,-0.4573,-9.9359,0.0168
4.6483,-0.4214,-10.0054,0.1197
4.6514,-0.4070,-9.9024,0.1197
4.6545,-0.3687,-9.9096,0.0838
4.6575,-0.4166,-9.8761,0.1245
4.6606,-0.3926,-9.9216,0.1269
4.6636,-0.4286,-9.9431,0.1173
4.6667,-0.4501,-9.9455,0.0742
4.6698,-0.3735,-9.9168,0.0455
4.6728,-0.3855,-9.9455,0.2059
4.6759,-0.4405,-9.9814,0.1053
4.6789,-0.4286,-9.8857,0.1389
4.6820,-0.4166,-9.9503,0.0838
4.6851,-0.5938,-10.0724,0.0862
4.6881,-0.3328,-9.9623,0.1269
4.6912,-0.4070,-9.8689,0.0287
4.6942,-0.4118,-9.9240,0.1101
4.6973,-0.3974,-9.9024,0.1484
4.7004,-0.4142,-9.9431,0.0862
4.7034,-0.4334,-9.9742,0.1293
4.7065,-0.4166,-9.9431,0.1101
4.7095,-0.4166,-9.9000,0.0814
4.7126,-0.4549,-9.9144,0.0958
4.7157,-0.4262,-9.9240,0.0311
4.7187,-0.4621,-9.9144,0.0982
4.7218,-0.4094,-9.9240,0.1484
4.7248,-0.3783,-9.9551,0.1173
4.7281,-0.5866,-9.9240,0.1963
4.7312,-0.5890,-9.9264,0.0718
4.7342,-0.4334,-9.9575,0.1508
4.7373,-0.3615,-10.1059,0.0670
4.7404,-0.3974,-10.0940,0.0814
4.7434,-0.4310,-9.9718,0.0575
4.7466,-0.3950,-9.9862,0.1844
4.7497,-0.3615,-9.9120,0.0862
4.7528,-0.4525,-9.8928,0.0862
4.7558,-0.4214,-9.9096,0.0311
4.7589,-0.3903,-9.9264,0.0215
4.7619,-0.3280,-9.9024,0.0359
4.7650,-0.4310,-9.8857,0.1221
4.7681,-0.4238,-9.9742,0.0886
4.7711,-0.4166,-10.0772,0.1245
4.7742,-0.3591,-9.9527,0.1987
4.7773,-0.4429,-9.9431,0.0072
4.7803,-0.4166,-10.0485,0.1197
4.7834,-0.4238,-10.1035,0.0431
4.7864,-0.4022,-9.9599,0.0239
4.7895,-0.4046,-9.9551,0.1460
4.7925,-0.4357,-9.9335,0.0479
4.7956,-0.4238,-9.9072,0.1077
4.7987,-0.3256,-9.9311,0.1030
4.8017,-0.4166,-9.9072,0.0814
4.8048,-0.4046,-9.9527,0.2346
4.8079,-0.4094,-9.9335,0.0694
4.8109,-0.4214,-9.9240,0.1772
4.8140,-0.4525,-9.9168,0.1389
4.8170,-0.4046,-9.9192,0.1006
4.8201,-0.4046,-9.8282,0.1053
4.8232,-0.3903,-10.0868,0.0311
4.8262,-0.4334,-9.9455,0.0982
4.8293,-0.3519,-9.8928,0.0239
4.8324,-0.4334,-9.9120,0.1532
4.8354,-0.4334,-9.9599,0.1939
4.8385,-0.4525,-9.9168,0.1508
4.8415,-0.4501,-10.0102,0.0599
4.8446,-0.4190,-9.9024,0.1508
4.8477,-0.4405,-9.9168,0.1269
4.8507,-0.3448,-9.9072,0.0359
4.8539,-0.4549,-9.9503,0.1508
4.8570,-0.4453,-9.9000,0.0551
4.8600,-0.4286,-9.9742,0.1413
4.8631,-0.4597,-9.9383,0.1101
4.8661,-0.3950,-9.9000,0.1221
4.8692,-0.5650,-9.9431,0.2083
4.8723,-0.3903,-10.0437,0.1197
4.8753,-0.3950,-9.9216,0.2586
4.8784,-0.3879,-9.9072,0.1197
4.8814,-0.3926,-9.9359,0.0670
4.8845,-0.4286,-9.9599,0.0479
4.8876,-0.4860,-9.8904,0.1460
4.8907,-0.3855,-9.9575,0.2274
4.8937,-0.3232,-9.9718,0.1532
4.8968,-0.4477,-10.0006,0.1245
4.8998,-0.4094,-9.9910,0.0694
4.9029,-0.3184,-9.9623,0.0934
4.9059,-0.3903,-9.9455,0.1341
4.9090,-0.5962,-9.8904,0.1030
4.9120,-0.3903,-9.9072,0.1820
4.9151,-0.4022,-9.8378,0.1556
4.9182,-0.4238,-9.9120,0.1053
4.9212,-0.4501,-9.9527,0.0479
4.9243,-0.4214,-9.9671,0.1125
4.9273,-0.4094,-9.9264,0.1341
4.9304,-0.3950,-9.8689,0.2251
4.9334,-0.3855,-9.9527,0.1700
4.9365,-0.3807,-9.9024,0.0790
4.9395,-0.3759,-9.9790,0.0287
4.9426,-0.4357,-9.8833,0.0287
4.9456,-0.4549,-9.9431,0.1652
4.9487,-0.4310,-9.9216,0.1006
4.9517,-0.3591,-9.8809,0.0982
4.9548,-0.3472,-9.9168,0.0503
4.9580,-0.4693,-9.9144,0.1532
4.9611,-0.3998,-9.9527,0.1293
4.9642,-0.4214,-10.0892,0.0694
4.9673,-0.4381,-10.0916,0.1053
4.9704,-0.4429,-9.9599,0.0263
4.9735,-0.4094,-9.8833,0.1173
4.9765,-0.4238,-9.9575,0.1173
4.9796,-0.3974,-9.9503,0.1317
4.9827,-0.4046,-9.9551,0.1508
4.9858,-0.4501,-9.8833,0.1269
4.9888,-0.4405,-9.8809,0.1604
4.9919,-0.3998,-9.9335,0.1580
4.9949,-0.3903,-9.8689,0.0766
4.9980,-0.3879,-9.9431,0.1006
5.0011,-0.4381,-9.9168,0.1556
5.0041,-0.4070,-9.9455,0.1053
5.0072,-0.4070,-9.9599,0.1508
5.0102,-0.5962,-9.8138,0.0646
5.0133,-0.4597,-9.9240,0.0455
5.0164,-0.4597,-9.9383,0.0455
5.0194,-0.4118,-9.9096,0.0838
5.0225,-0.3950,-9.8904,0.1006
5.0255,-0.4381,-9.9910,0.1700
5.0286,-0.3519,-9.9599,0.1891
5.0317,-0.4262,-9.9264,0.1245
5.0347,-0.4046,-9.9431,0.0718
5.0378,-0.4405,-9.9407,0.1030
5.0408,-0.3711,-9.9982,0.0694
5.0439,-0.4334,-9.9455,0.1389
5.0470,-0.4070,-9.9503,0.0910
5.0500,-0.4166,-9.9431,0.0575
5.0531,-0.3687,-10.1059,0.1437
5.0561,-0.5531,-10.1035,0.0982
5.0593,-0.4525,-9.9120,0.1604
5.0626,-0.3567,-9.9216,0.1245
5.0659,-0.4046,-9.9120,0.1101
5.0690,-0.3591,-9.9072,0.0814
5.0721,-0.3711,-9.9335,0.1389
5.0752,-0.4166,-9.9479,0.0982
5.0782,-0.3256,-9.9431,0.2322
5.0812,-0.3807,-9.9527,0.0622
5.0843,-0.4118,-9.9168,0.0168
5.0874,-0.4597,-9.9192,0.1149
5.0904,-0.4334,-9.9024,0.0838
5.0935,-0.3783,-9.9216,0.0718
5.0965,-0.3663,-9.9431,0.1221
5.0995,-0.4166,-9.9096,0.1030
5.1026,-0.3591,-9.9168,0.0694
5.1056,-0.4214,-9.9718,0.0766
5.1087,-0.4597,-9.9503,0.0838
5.1117,-0.4453,-9.8928,0.1030
5.1147,-0.3974,-9.9503,0.0886
5.1178,-0.3519,-9.9359,0.0886
5.1208,-0.4214,-9.9024,0.1317
5.1238,-0.4310,-9.9647,0.1317
5.1269,-0.4717,-9.9216,0.0072
5.1299,-0.4310,-9.9623,0.1341
5.1329,-0.4166,-9.9024,0.0503
5.1360,-0.4477,-9.8785,0.1437
5.1390,-0.5483,-9.9240,0.1006
5.1421,-0.4190,-9.9240,0.1556
5.1451,-0.4094,-9.9240,0.1700
5.1481,-0.5794,-9.8306,0.1077
5.1512,-0.4310,-9.9695,0.0718
5.1542,-0.5770,-9.9096,0.1293
5.1573,-0.4573,-9.8114,0.1221
5.1603,-0.4070,-9.8737,0.0694
5.1633,-0.3879,-9.9144,0.2059
5.1664,-0.3711,-9.9814,0.1197
5.1696,-0.3855,-9.8761,0.0215
5.1727,-0.3974,-9.9192,0.1077
5.1757,-0.4405,-9.9264,0.1365
5.1788,-0.4118,-9.8904,0.1413
5.1819,-0.4142,-9.8881,0.0886
5.1850,-0.4094,-9.8809,0.1149
5.1881,-0.4310,-9.9288,0.1317
5.1912,-0.3926,-9.9144,0.0503
5.1942,-0.4070,-9.9192,0.0192
5.1974,-0.4094,-9.8234,0.1053
5.2005,-0.4477,-9.9120,0.1125
5.2035,-0.4070,-9.9479,0.1484
5.2066,-0.3998,-9.9216,0.0335
5.2097,-0.4621,-10.0054,0.1173
5.2127,-0.4501,-9.9527,0.0886
5.2158,-0.4070,-9.9024,0.0599
5.2188,-0.4477,-9.9096,0.1197
5.2219,-0.3639,-9.9096,0.0934
5.2250,-0.4142,-9.9479,0.0718
5.2280,-0.3376,-9.8713,0.0215
5.2311,-0.4573,-9.8474,0.0814
5.2342,-0.4094,-10.0724,0.1030
5.2372,-0.3711,-9.9671,0.0742
5.2403,-0.4405,-9.9288,0.1149
5.2434,-0.4334,-9.8809,0.0551
5.2464,-0.4070,-9.9551,0.0910
5.2495,-0.3903,-9.9168,0.3017
5.2526,-0.3950,-9.9120,0.2897
5.2556,-0.3639,-9.9407,0.0024
5.2587,-0.4381,-9.9120,0.1508
5.2618,-0.4669,-9.9599,0.1508
5.2649,-0.3879,-9.9288,0.1437
5.2680,-0.4238,-9.9311,0.1700
5.2711,-0.4453,-9.9144,0.0934
5.2743,-0.4429,-9.9359,0.2514
5.2774,-0.5866,-9.8785,0.1317
5.2805,-0.4238,-9.9599,0.2466
5.2835,-0.4142,-9.9335,0.0287
5.2867,-0.4022,-9.9144,0.1556
5.2897,-0.3926,-9.8569,0.1125
5.2928,-0.4142,-9.9192,0.1101
5.2959,-0.3711,-9.9407,0.2035
5.2989,-0.3807,-9.9311,0.1748
5.3020,-0.4549,-9.9216,0.1269
5.3051,-0.3903,-9.9120,0.1460
5.3081,-0.4262,-9.9048,0.1221
5.3112,-0.4118,-9.9311,0.1077
5.3142,-0.3783,-9.8162,0.1484
5.3173,-0.4357,-9.8282,0.1413
5.3204,-0.3950,-9.8928,0.0024
5.3234,-0.3974,-9.8545,0.0814
5.3265,-0.3639,-9.9359,0.0670
5.3296,-0.4118,-9.9599,0.1101
5.3326,-0.4070,-9.9168,0.1891
5.3357,-0.4022,-9.9647,0.2322
5.3387,-0.4214,-9.9838,0.0958
5.3418,-0.4118,-9.8857,0.1173
5.3449,-0.3591,-9.9359,0.0958
5.3479,-0.3879,-9.9479,0.1269
5.3510,-0.6033,-9.9862,0.1413
5.3541,-0.4501,-9.8976,0.0311
5.3571,-0.4525,-9.9575,0.0072
5.3602,-0.3974,-9.8210,0.1197
5.3632,-0.3950,-9.9790,0.1293
5.3663,-0.5866,-9.9264,0.2825
5.3694,-0.4310,-10.0054,0.2610
5.3725,-0.4214,-9.9168,0.2059
5.3755,-0.4884,-9.8210,0.1915
5.3787,-0.4357,-9.9671,0.1125
5.3818,-0.4621,-9.9096,0.1365
5.3849,-0.3807,-9.9766,0.0910
5.3879,-0.3974,-9.9838,0.0886
5.3910,-0.4357,-9.9288,0.1389
5.3941,-0.4884,-9.9862,0.0958
5.3972,-0.4070,-9.9335,0.1676
5.4002,-0.4262,-9.9288,0.1676
5.4033,-0.4142,-9.8210,0.0383
5.4063,-0.3232,-9.9192,0.1484
5.4094,-0.4357,-9.9024,0.1221
5.4125,-0.3735,-10.0748,0.0694
5.4155,-0.4669,-9.9503,0.0838
5.4186,-0.3926,-9.9120,0.1365
5.4216,-0.3711,-9.9695,0.1724
5.4247,-0.4238,-9.8952,0.0383
5.4277,-0.3639,-9.9551,0.0886
5.4308,-0.4381,-9.9359,0.1030
5.4339,-0.4118,-9.9072,0.1604
5.4369,-0.4070,-9.9000,0.0982
5.4400,-0.4046,-9.9192,0.0814
5.4430,-0.4094,-10.0173,0.1532
5.4461,-0.3711,-9.9096,0.0790
5.4492,-0.3519,-9.8809,0.1173
5.4522,-0.4501,-9.9120,0.1221
5.4553,-0.4094,-9.9503,0.1317
5.4584,-0.4166,-9.8952,0.2610
5.4614,-0.4070,-9.8904,0.1173
5.4645,-0.3687,-9.9431,0.0407
5.4676,-0.3998,-9.9503,0.1341
5.4707,-0.4310,-9.9168,0.1077
5.4737,-0.4693,-9.9144,0.1365
5.4768,-0.3831,-9.9000,0.0838
5.4799,-0.4166,-9.9790,0.0790
5.4830,-0.4334,-9.9503,0.1700
5.4862,-0.4381,-9.9407,0.1149
5.4893,-0.5842,-9.9048,0.1939
5.4923,-0.4094,-10.0533,0.0431
5.4954,-0.3735,-9.9072,0.0910
5.4985,-0.4334,-9.9216,0.0168
5.5015,-0.4357,-9.8904,0.2682
5.5046,-0.4405,-9.8186,0.2921
5.5076,-0.4070,-9.9527,0.2945
5.5107,-0.4022,-9.9647,0.1317
5.5138,-0.4357,-9.8737,0.0742
5.5168,-0.4501,-9.9168,0.0168
5.5199,-0.4741,-10.0221,0.1556
5.5230,-0.4166,-9.9599,0.1221
5.5260,-0.3328,-10.0054,0.1460
5.5291,-0.4118,-9.9216,0.1365
5.5321,-0.3926,-9.9431,0.0814
5.5352,-0.4118,-9.9335,0.0718
5.5384,-0.3735,-9.9144,-0.0527
5.5415,-0.3663,-9.9742,0.2203
5.5446,-0.4884,-9.8306,0.1269
5.5476,-0.4884,-9.9575,0.1053
5.5507,-0.3998,-9.9240,0.1748
5.5538,-0.3783,-9.9982,0.1700
5.5568,-0.4405,-9.9024,0.1413
5.5599,-0.4214,-9.9575,0.1053
5.5629,-0.4142,-9.9024,0.1269
5.5660,-0.4405,-9.9886,0.0551
5.5691,-0.4334,-9.9527,0.0814
5.5721,-0.4501,-9.9335,0.0718
5.5752,-0.6033,-9.9575,0.1724
5.5783,-0.3567,-9.8234,0.1437
5.5813,-0.3615,-9.9695,0.0383
5.5844,-0.4214,-9.9311,0.0527
5.5875,-0.4381,-9.9551,0.1317
5.5907,-0.3400,-9.9790,0.0527
5.5938,-0.4477,-9.9120,0.2322
5.5969,-0.4357,-9.9431,0.2155
5.5999,-0.3567,-9.9311,0.0814
5.6030,-0.4357,-9.9240,0.1197
5.6061,-0.4142,-9.9240,0.1341
5.6091,-0.4070,-9.9575,0.0383
5.6122,-0.3879,-9.9192,0.0670
5.6152,-0.3879,-9.9216,0.1053
5.6183,-0.3950,-9.8976,0.1628
5.6214,-0.4405,-9.9335,0.0790
5.6244,-0.4477,-9.9096,0.0622
5.6275,-0.4525,-9.8785,0.0910
5.6306,-0.4214,-9.9982,0.2394
5.6337,-0.4501,-9.9527,0.0311
5.6367,-0.4022,-9.9240,0.3017
5.6398,-0.4286,-9.9862,0.2227
5.6428,-0.4597,-9.9407,0.0551
5.6459,-0.4956,-9.9359,0.0982
5.6490,-0.4046,-9.9120,0.1101
5.6520,-0.3974,-9.9288,0.1101
5.6551,-0.3974,-9.9216,0.2083
5.6582,-0.4214,-9.9766,0.1437
5.6612,-0.4453,-9.9096,0.0431
5.6643,-0.3424,-9.9000,0.1245
5.6673,-0.5986,-9.8928,0.0479
5.6704,-0.3687,-9.9144,0.0503
5.6735,-0.3280,-9.9264,0.1484
5.6766,-0.4334,-9.9335,0.2729
5.6796,-0.4214,-9.9671,0.0096
5.6827,-0.3903,-9.8904,0.0383
5.6857,-0.3950,-9.9431,0.2322
5.6888,-0.5052,-9.9551,0.1197
5.6919,-0.3591,-9.9479,0.1796
5.6950,-0.4070,-9.9862,0.1532
5.6981,-0.4381,-9.9168,0.1389
5.7012,-0.4094,-9.9335,0.0192
5.7042,-0.4501,-9.9120,0.3208
5.7073,-0.3280,-9.9599,0.1149
5.7104,-0.4357,-9.8761,0.0622
5.7134,-0.3639,-9.9335,0.0790
5.7165,-0.4214,-9.9431,0.1341
5.7195,-0.4310,-10.0868,0.3041
5.7226,-0.3543,-9.9599,0.0742
5.7257,-0.4597,-9.9910,0.0096
5.7287,-0.4286,-9.9766,0.1365
5.7318,-0.4118,-9.9671,0.1700
5.7348,-0.3567,-9.9575,0.1101
5.7379,-0.4214,-9.9288,-0.0072
5.7410,-0.3711,-9.9527,0.0431
5.7440,-0.3926,-9.9264,0.1173
5.7471,-0.5578,-9.9383,0.1125
5.7501,-0.5842,-9.9766,0.0503
5.7532,-0.3903,-9.9192,0.1820
5.7562,-0.4238,-9.9240,0.1006
5.7593,-0.4741,-9.8138,0.1389
5.7624,-0.3855,-10.0317,0.1197
5.7654,-0.3711,-9.9359,0.1987
5.7685,-0.3903,-9.8282,0.0072
5.7716,-0.4166,-9.9264,0.2801
5.7746,-0.4286,-9.9000,0.1365
5.7777,-0.4070,-9.9288,0.0790
5.7808,-0.4166,-9.9575,0.1844
5.7838,-0.4022,-9.9479,0.0024
5.7869,-0.4238,-9.9048,0.1580
5.7900,-0.3831,-9.9551,0.1197
5.7930,-0.4094,-9.8665,0.1030
5.7961,-0.3926,-9.9359,0.1772
5.7992,-0.4166,-9.9359,0.0455
5.8023,-0.4238,-9.8952,0.1580
5.8054,-0.4166,-9.9431,0.0168
5.8085,-0.3903,-9.9144,0.0646
5.8116,-0.4956,-9.9862,0.0790
5.8146,-0.4812,-9.9144,0.1125
5.8177,-0.4118,-9.9335,0.1197
5.8207,-0.4070,-9.9479,0.0646
5.8238,-0.3903,-9.9240,0.0886
5.8268,-0.4669,-9.9264,0.1030
5.8299,-0.4046,-9.9599,0.0934
5.8330,-0.4357,-9.9407,0.1867
5.8360,-0.3974,-9.9431,0.0934
5.8391,-0.4166,-9.9671,0.1221
5.8421,-0.4405,-9.9216,0.0359
5.8452,-0.3974,-9.9479,0.0958
5.8482,-0.4070,-9.9000,-0.0048
5.8513,-0.4238,-9.9359,0.1532
5.8544,-0.3974,-9.9335,0.0694
5.8574,-0.4549,-9.9479,0.2346
5.8605,-0.4118,-9.8809,0.0934
5.8635,-0.4070,-10.0628,0.0742
5.8666,-0.4238,-9.9431,0.1197
5.8697,-0.4549,-9.9192,0.1269
5.8728,-0.3735,-9.9168,0.0646
5.8758,-0.3926,-9.9407,0.1125
5.8789,-0.4238,-9.9479,0.1149
5.8819,-0.4669,-9.8569,0.1604
5.8850,-0.5052,-10.0509,0.1006
5.8881,-0.3903,-9.9000,0.1413
5.8911,-0.3160,-9.9216,0.0646
5.8942,-0.4022,-9.9431,0.0766
5.8972,-0.4214,-10.0030,0.1365
5.9003,-0.3998,-10.0916,0.0742
5.9034,-0.6057,-9.9431,0.1173
5.9066,-0.3831,-9.9072,0.0120
5.9097,-0.3591,-9.9527,0.1389
5.9128,-0.3639,-9.9551,0.2897
5.9158,-0.4381,-9.9311,0.1341
5.9189,-0.4166,-9.9048,0.0407
5.9220,-0.3903,-9.9503,0.0407
5.9251,-0.3903,-9.9120,0.0287
5.9281,-0.3352,-9.9311,0.1963
5.9312,-0.3903,-9.9096,0.1269
5.9343,-0.4070,-9.8306,0.1053
5.9374,-0.3879,-9.9671,0.0958
5.9404,-0.4525,-9.9311,0.1269
5.9435,-0.4214,-9.8162,0.1413
5.9466,-0.4046,-9.8881,0.1389
5.9496,-0.4764,-9.9216,0.0599
5.9527,-0.4190,-9.9575,0.0407
5.9558,-0.4764,-9.9359,0.1245
5.9588,-0.4429,-9.9742,0.1963
5.9619,-0.4621,-9.9288,0.1269
5.9650,-0.3591,-9.9240,0.0120
5.9680,-0.4381,-9.9048,0.0599
5.9711,-0.3855,-9.9431,0.1532
5.9742,-0.3232,-9.9311,0.0239
5.9773,-0.3974,-9.9431,0.1101
5.9803,-0.4046,-9.9240,0.1748
5.9834,-0.4310,-9.9479,0.1676
5.9864,-0.3711,-9.9192,0.0120
5.9895,-0.4070,-9.9144,0.0934
5.9926,-0.4310,-9.9359,0.0814
5.9956,-0.4190,-9.9383,0.0383
5.9987,-0.4142,-9.9288,0.1844
6.0018,-0.4693,-9.9383,0.1460
6.0048,-0.3974,-9.9024,0.2873
6.0079,-0.4453,-9.9407,0.0934
6.0111,-0.4310,-9.9144,0.1700
6.0142,-0.3926,-9.9407,0.0910
6.0173,-0.4381,-10.1035,0.1077
6.0204,-0.4405,-9.9335,0.1173
6.0234,-0.4717,-9.9623,0.2897
6.0265,-0.4310,-9.9288,0.1317
6.0295,-0.4262,-9.9359,0.0120
6.0326,-0.3903,-9.8258,0.0503
6.0356,-0.3903,-9.9240,0.1652
6.0387,-0.3998,-9.9503,0.0527
6.0417,-0.4693,-9.9647,0.0742
6.0448,-0.4094,-9.9407,0.0670
6.0478,-0.4573,-9.9623,0.1580
6.0509,-0.3807,-9.9479,0.1221
6.0539,-0.4094,-9.9718,0.1006
6.0570,-0.4214,-9.9742,0.1173
6.0600,-0.3974,-9.9766,0.1269
6.0631,-0.4310,-9.9168,0.0982
6.0661,-0.4286,-9.9431,0.0311
6.0692,-0.4166,-9.9216,0.0599
6.0722,-0.4429,-9.9407,0.1700
6.0753,-0.3735,-9.8881,0.1437
6.0784,-0.4429,-9.8761,0.0886
6.0814,-0.3974,-9.9431,0.1867
6.0845,-0.4118,-9.9335,0.1269
6.0876,-0.4597,-10.1131,0.1963
6.0906,-0.3256,-9.9503,0.2753
6.0937,-0.4142,-9.9479,0.0527
6.0968,-0.3879,-9.9264,0.1077
6.0998,-0.4094,-9.9383,0.0886
6.1029,-0.3783,-9.9383,0.0838
6.1059,-0.3926,-9.9311,0.1149
6.1090,-0.4166,-9.9551,0.1748
6.1121,-0.4693,-9.9766,0.1006
6.1152,-0.3496,-9.9503,0.1389
6.1183,-0.3879,-9.9575,0.0958
6.1214,-0.4477,-9.9359,0.0670
6.1245,-0.4453,-9.9240,0.1317
6.1275,-0.3208,-9.8761,0.0599
6.1305,-0.3950,-9.9264,0.0407
6.1336,-0.4046,-9.9048,0.0479
6.1366,-0.4022,-9.8737,0.1365
6.1397,-0.4190,-9.9623,0.2969
6.1427,-0.4621,-9.9288,0.1245
6.1458,-0.4214,-9.9144,0.1460
6.1489,-0.4525,-9.9264,0.1556
6.1519,-2.7390,-4.6926,6.0549
6.1550,-6.6583,-10.4148,-0.6776
6.1580,-0.1317,-19.6133,0.2322
6.1611,-0.2897,-13.3070,0.0120
6.1641,-0.0503,-11.2120,0.0766
6.1672,-0.6608,-10.3765,0.1365
6.1702,-0.2562,-10.1634,-0.4310
6.1733,0.6369,-0.9744,0.6249
6.1763,-3.9983,-9.2416,0.1245
6.1794,0.0982,-10.5034,0.2370
6.1824,-0.5291,-4.7549,0.0551
6.1856,-10.3860,-7.8338,0.2442
6.1887,-1.8627,-10.8098,0.0934
6.1918,-0.2179,-10.2185,-0.2634
6.1949,-0.0646,-10.2424,-0.2442
6.1980,-0.1101,-10.1849,0.0622
6.2010,-0.4118,-10.0892,0.0120
6.2041,-0.2921,-9.9934,0.0814
6.2071,-0.4812,-9.9479,0.1197
6.2102,-0.3998,-9.9000,0.1365
6.2133,-0.3591,-9.9958,0.1101
6.2163,-0.3400,-9.8593,-0.1676
6.2194,-5.5115,-6.1603,0.0144
6.2225,-0.3687,-10.5441,0.0144
6.2257,-0.2346,-10.1562,0.0766
6.2287,-2.8563,-8.9950,1.6113
6.2318,-3.7014,-12.2224,-2.5570
6.2349,-4.3455,-5.4396,2.5857
6.2379,0.7207,-8.9878,0.0215
6.2410,-0.1245,-10.4842,0.1652
6.2440,-0.2155,-10.1825,0.1365
6.2471,-0.4429,-9.9910,0.1269
6.2501,-0.3136,-9.9790,0.1604
6.2532,-0.4932,-9.9431,0.1317
6.2562,-0.3496,-9.9551,0.1604
6.2593,-0.5507,-9.9814,0.1173
6.2623,-0.3232,-9.9072,0.0168
6.2654,-0.3591,-9.9766,0.1245
6.2684,-0.3639,-9.9766,0.1006
6.2715,-0.5028,-9.9288,0.2658
6.2745,-0.4429,-9.9240,0.0958
6.2776,-0.3831,-9.8928,0.2514
6.2807,-0.4118,-10.0676,0.1532
6.2837,-0.4286,-9.9551,0.2682
6.2868,-0.4022,-9.9623,0.1628
6.2898,-0.3735,-9.9192,0.0838
6.2929,-0.3807,-9.9623,0.1173
6.2959,-0.4310,-9.9838,0.0862
6.2990,-0.3759,-9.9695,0.1915
6.3020,-0.4070,-9.9647,0.1077
6.3051,-0.3974,-9.9718,0.1030
6.3081,-0.3831,-9.9982,0.0431
6.3112,-0.4501,-9.9216,0.0694
6.3142,-0.3472,-9.8713,0.0120
6.3173,-0.4812,-9.9311,0.1245
6.3203,-0.4142,-9.9240,0.0096
6.3234,-0.4477,-9.9048,0.0383
6.3264,-0.5818,-9.9311,0.1125
6.3296,-0.4262,-9.8976,0.1006
6.3327,-0.4501,-10.0604,0.2227
6.3358,-0.4214,-9.9144,0.0622
6.3388,-0.3974,-9.9168,0.1293
6.3419,-0.4573,-9.9671,0.0670
6.3450,-0.4357,-9.9527,0.0862
6.3482,-0.4022,-9.9216,0.1413
6.3513,-0.4597,-9.9527,0.2227
6.3543,-0.3615,-9.8282,0.1221
6.3574,-0.4357,-10.0844,0.0694
6.3605,-0.5507,-9.9551,0.1628
6.3635,-0.4094,-9.9814,0.2059
6.3666,-0.4262,-9.9192,0.0958
6.3697,-0.4501,-9.9168,0.1915
6.3727,-0.4549,-9.9671,0.0718
6.3758,-0.4118,-9.9240,0.0239
6.3789,-0.4621,-9.9407,0.0934
6.3819,-0.4645,-9.9431,0.0455
6.3850,-0.3400,-9.9359,0.0311
6.3880,-0.3950,-9.9695,0.0838
6.3911,-0.3807,-9.9264,0.1125
6.3942,-0.3687,-9.9455,0.0311
6.3972,-0.4118,-9.9455,0.0694
6.4003,-0.4118,-9.9168,0.1245
6.4034,-0.5866,-9.9311,0.1915
6.4064,-0.4501,-9.9072,0.1652
6.4095,-0.3807,-9.9479,0.0862
6.4125,-0.4381,-9.9479,0.2753
6.4156,-0.4166,-9.8976,0.0718
6.4187,-0.3926,-10.1011,-0.0072
6.4217,-0.4262,-9.8186,0.1173
6.4248,-0.3855,-9.9862,0.0527
6.4279,-0.4788,-9.9599,0.0958
6.4310,-0.3998,-9.9288,0.0646
6.4341,-0.4788,-9.9264,0.0934
6.4372,-0.4597,-9.9503,0.0599
6.4403,-0.4549,-10.0221,0.1006
6.4433,-0.3879,-9.9096,0.1389
6.4464,-0.3879,-9.9168,0.1437
6.4494,-0.4094,-9.9096,0.1197
6.4525,-0.4238,-9.9431,0.1556
6.4555,-0.3184,-10.1059,0.1173
6.4586,-0.4453,-9.9671,0.0670
6.4617,-0.4477,-9.9431,0.0072
6.4647,-0.4022,-9.9479,0.2658
6.4677,-0.4046,-9.9503,0.0742
6.4708,-0.4262,-9.9383,0.1820
6.4739,-0.4429,-9.9647,0.2825
6.4769,-0.3879,-9.9503,0.0527
6.4800,-0.4334,-9.9192,0.0670
6.4831,-0.4238,-9.9407,0.2394
6.4861,-0.4621,-9.9192,0.1724
6.4892,-0.4334,-9.9024,0.0335
6.4922,-0.5938,-9.9359,0.1125
6.4953,-0.5722,-9.9527,0.1317
6.4984,-0.3711,-9.8761,0.1125
6.5014,-0.4453,-9.9575,0.1006
6.5045,-0.3639,-9.9048,0.0575
6.5075,-0.4166,-9.9264,0.1460
6.5106,-0.4334,-9.9407,0.0910
6.5137,-0.3974,-9.9264,0.0192
6.5167,-0.3855,-9.9120,0.0359
6.5198,-0.3950,-9.9527,0.0982
6.5228,-0.4286,-9.9886,0.0407
6.5259,-0.4597,-9.9072,0.0910
6.5290,-0.3998,-9.9599,0.0982
6.5320,-0.3950,-9.9240,0.0790
6.5351,-0.3974,-9.8952,0.0239
6.5382,-0.4046,-9.9503,0.0934
6.5413,-0.4166,-10.0006,0.1341
6.5444,-0.4022,-9.9431,0.0886
6.5475,-0.3879,-9.9527,0.1437
6.5505,-0.4094,-10.1131,0.0120
6.5536,-0.3903,-9.9216,0.0551
6.5567,-0.4070,-9.9144,0.0551
6.5597,-0.4549,-9.9311,0.0120
6.5628,-0.4094,-9.9096,0.1365
6.5659,-0.4381,-9.9551,0.0958
6.5692,-0.4645,-9.9790,0.1149
6.5722,-0.3903,-9.8904,0.0599
6.5753,-0.4118,-9.9072,0.0670
6.5784,-0.4214,-9.8928,0.1700
6.5815,-0.3663,-9.8857,0.0766
6.5846,-0.4549,-9.9168,0.0168
6.5877,-0.4118,-9.9120,0.1676
6.5907,-0.3903,-9.9048,0.2203
6.5938,-0.4812,-9.9024,0.0168
6.5969,-0.3759,-9.9527,0.0670
6.5999,-0.4741,-9.9575,0.1006
6.6030,-0.3974,-9.9431,0.0551
6.6061,-0.3663,-9.9599,0.1006
6.6091,-0.4405,-9.9551,0.0455
6.6122,-0.3903,-9.9718,0.1484
6.6152,-0.3783,-9.9096,0.1101
6.6183,-0.4429,-9.9814,0.1389
6.6214,-0.4118,-9.9527,0.0718
6.6244,-0.4525,-10.1107,0.1484
6.6275,-0.4262,-10.0940,0.1173
6.6306,-0.4357,-9.8857,0.0575
6.6336,-0.3950,-9.8737,0.0718
6.6367,-0.4334,-9.9288,0.2298
6.6398,-0.4166,-10.0868,0.0120
6.6429,-0.3543,-9.9240,0.1221
6.6461,-0.4142,-9.9575,0.1245
6.6492,-0.4094,-9.9599,0.1006
6.6522,-0.4238,-9.8857,0.1197
6.6553,-0.4453,-9.9599,0.1101
6.6583,-0.5626,-9.8952,0.1030
6.6614,-0.3232,-9.8713,0.0886
6.6645,-0.4214,-9.8952,0.1101
6.6675,-0.3160,-9.9599,0.1317
6.6706,-0.3663,-9.9455,0.2131
6.6737,-0.3950,-9.8090,0.1077
6.6767,-0.4190,-9.8186,0.1006
6.6798,-0.4429,-9.9000,0.0335
6.6829,-0.4310,-9.9288,0.0287
6.6859,-0.4836,-9.8928,0.0407
6.6890,-0.3831,-9.9718,0.1724
6.6921,-0.3950,-9.9527,0.0287
6.6951,-0.3998,-9.9671,0.0718
6.6982,-0.4238,-9.9240,0.0383
6.7012,-0.3974,-9.8857,0.0455
6.7043,-0.4214,-9.9216,0.0718
6.7073,-0.3759,-9.8785,0.1341
6.7104,-0.4118,-9.9431,0.0790
6.7135,-0.3950,-9.9120,0.1556
6.7165,-0.3831,-9.9479,0.1053
6.7196,-0.3591,-9.9048,0.0958
6.7227,-0.4286,-9.9048,0.0766
6.7257,-0.4118,-9.9264,0.0766
6.7288,-0.3855,-9.9335,0.1101
6.7318,-0.4142,-9.9527,0.0622
6.7349,-0.4549,-9.9072,0.0910
6.7380,-0.4190,-9.9072,0.1604
6.7410,-0.4142,-9.9838,0.1317
6.7441,-0.4477,-9.9192,0.1149
6.7472,-0.3759,-9.9264,0.0982
6.7503,-0.4118,-9.9431,0.0694
6.7534,-0.3950,-9.8689,0.0024
6.7565,-0.3759,-9.9599,0.0910
6.7595,-0.4118,-9.9814,0.0455
6.7627,-0.4645,-9.9120,0.0455
6.7657,-0.3711,-9.9503,0.1197
6.7688,-0.4238,-9.9264,0.1556
6.7718,-0.4190,-9.8114,0.1221
6.7749,-0.3998,-9.9455,0.2753
6.7779,-0.4070,-9.9575,0.0742
6.7810,-0.3879,-9.9264,0.1101
6.7840,-0.4238,-9.9455,0.1365
6.7871,-0.4429,-9.9623,0.1389
6.7901,-0.4334,-9.8665,0.1317
6.7932,-0.4429,-9.9431,0.0575
6.7962,-0.4094,-9.9048,0.1652
6.7993,-0.3831,-9.9335,0.0814
6.8023,-0.5578,-9.9192,0.0599
6.8054,-0.3926,-9.9000,0.1245
6.8084,-0.3974,-9.9096,0.2274
6.8115,-0.3855,-9.9144,0.2155
6.8145,-0.4453,-9.9503,0.1341
6.8176,-0.3807,-9.9240,0.1437
6.8206,-0.4310,-9.9479,0.2083
6.8237,-0.4214,-10.0940,0.0599
6.8267,-0.4597,-9.9192,0.0838
6.8298,-0.4190,-9.9288,-0.0646
6.8328,-0.3496,-9.9192,0.1772
6.8359,-0.4286,-9.9335,0.0144
6.8389,-0.3783,-9.9072,0.1149
6.8420,-0.4429,-9.8689,0.1030
6.8450,-0.4669,-9.9144,0.1125
6.8480,-0.4764,-9.9766,0.1413
6.8511,-0.4190,-9.9048,0.1724
6.8542,-0.4262,-9.8928,0.1365
6.8573,-0.4669,-9.9407,0.1987
6.8604,-0.5866,-9.9551,0.0311
6.8635,-0.4238,-9.8689,0.1460
6.8665,-0.4094,-10.0940,0.0048
6.8696,-0.4214,-10.1107,0.1365
6.8726,-0.4214,-10.1011,0.2466
6.8757,-0.3950,-9.8090,0.1221
6.8787,-0.4645,-9.9671,0.0934
6.8818,-0.4238,-9.8833,0.0958
6.8848,-0.3615,-9.9024,0.0168
6.8879,-0.4764,-9.9311,0.1293
6.8909,-0.3783,-9.9431,0.0168
6.8940,-0.4094,-9.8904,0.2801
6.8970,-0.3903,-9.9240,0.0862
6.9001,-0.3855,-9.8689,0.1053
6.9031,-0.4621,-9.9168,0.1125
6.9062,-0.3855,-9.8952,0.0982
6.9092,-0.4310,-9.9096,0.1053
6.9122,-0.4094,-9.9120,0.0383
6.9153,-0.4286,-9.9000,0.1484
6.9183,-0.3089,-9.9527,0.0048
6.9214,-0.4357,-9.9072,0.1508
6.9245,-0.5866,-9.8737,0.0886
6.9275,-0.4142,-9.8114,0.1030
6.9306,-0.4238,-9.8521,0.1053
6.9337,-0.4549,-9.9575,0.0407
6.9367,-0.4022,-9.8641,0.1245
6.9397,-0.4525,-9.8114,0.0790
6.9428,-0.4334,-10.1059,0.1030
6.9458,-0.4477,-9.9144,0.0096
6.9489,-0.3950,-9.9311,0.0407
6.9519,-0.4501,-9.9288,0.1413
6.9550,-0.4214,-9.8809,0.0239
6.9581,-0.3472,-9.9431,0.1628
6.9612,-0.3855,-9.9623,0.1245
6.9643,-0.4262,-9.9479,0.0551
6.9673,-0.3950,-9.9048,0.0766
6.9704,-0.4357,-9.9168,0.1532
6.9735,-0.4357,-9.8234,0.1125
6.9765,-0.3807,-9.9503,0.1652
6.9796,-0.3711,-10.0892,0.0215
6.9826,-0.4070,-9.9311,0.0000
6.9857,-0.3950,-10.0868,0.1437
6.9887,-0.4142,-9.9359,0.1077
6.9918,-0.4693,-9.9168,0.1053
6.9948,-0.3926,-10.1107,0.0383
6.9979,-0.4693,-9.9120,0.1269
7.0009,-0.3974,-9.9240,0.0622
7.0040,-0.4429,-9.9311,0.1245
7.0070,-0.3639,-9.9359,0.1101
7.0101,-0.4166,-9.9311,0.1820
7.0131,-0.4286,-9.9814,0.1101
7.0162,-0.3711,-9.9455,0.2107
7.0192,-0.4405,-9.8569,0.2035
7.0223,-0.5052,-9.9359,0.1030
7.0253,-0.4501,-9.8809,0.1101
7.0284,-0.3831,-9.9072,0.1197
7.0314,-0.4310,-9.9240,0.0982
7.0344,-0.4525,-9.9551,0.1293
7.0375,-0.4597,-9.9718,0.1748
7.0405,-0.4334,-9.8904,0.0934
7.0436,-0.4094,-9.9455,0.0934
7.0466,-0.4070,-9.8330,0.1125
7.0497,-0.4166,-9.9527,0.0910
7.0527,-0.4022,-9.8617,0.1149
7.0558,-0.3448,-9.8138,0.1437
7.0588,-0.3807,-9.9120,0.2825
7.0619,-0.3855,-9.9264,0.1508
7.0650,-0.3926,-9.9335,0.2035
7.0682,-0.4525,-9.9455,0.1389
7.0713,-0.4022,-9.9431,0.2322
7.0744,-0.4405,-9.9311,0.1173
7.0774,-0.4525,-9.9431,0.0263
7.0805,-0.4334,-9.8402,0.0694
7.0836,-0.4046,-9.9407,0.1030
7.0866,-0.4262,-9.9240,0.0646
7.0897,-0.4262,-9.9335,0.0934
7.0927,-0.4381,-10.0676,0.1006
7.0958,-0.4070,-9.8186,0.2873
7.0989,-0.4310,-9.9096,0.1053
7.1019,-0.3950,-9.9216,0.1173
7.1050,-0.4549,-9.9311,0.0024
7.1081,-0.4070,-9.9264,0.0407
7.1111,-0.4669,-9.9503,0.1173
7.1142,-0.4238,-9.9192,0.1652
7.1172,-0.4166,-9.9407,0.1460
7.1203,-0.4310,-9.9024,0.1197
7.1233,-0.3903,-9.9407,0.1580
7.1264,-0.4214,-9.9288,0.1245
7.1295,-0.4022,-9.9718,0.1365
7.1325,-0.4334,-9.9024,0.1030
7.1356,-0.3591,-9.9024,0.1173
7.1387,-0.3519,-9.8354,0.0766
7.1417,-0.4477,-9.9599,0.0431
7.1448,-0.4070,-10.0916,0.0024
7.1478,-0.3232,-9.9431,0.0982
7.1509,-0.4214,-9.9335,0.0551
7.1539,-0.3448,-9.9742,0.0670
7.1572,-0.3759,-9.9120,0.0503
7.1602,-0.4956,-9.9958,0.0551
7.1633,-0.4166,-9.9000,0.1030
7.1663,-0.4836,-9.9096,0.0934
7.1694,-0.6105,-9.9168,0.1413
7.1726,-0.4046,-9.9072,0.1030
7.1757,-0.4214,-9.9024,0.2514
7.1788,-0.4022,-9.9359,0.1652
7.1819,-0.4812,-9.9311,0.1508
7.1851,-0.4381,-9.9623,0.3041
7.1882,-0.3974,-9.9383,0.0838
7.1912,-0.4238,-9.9503,0.1556
7.1943,-0.4238,-9.9048,0.1173
7.1974,-0.3615,-9.9575,0.1652
7.2005,-0.3136,-9.9527,0.1197
7.2036,-0.4046,-9.9168,0.1389
7.2067,-0.5291,-9.8282,0.1365
7.2097,-0.4094,-9.9407,0.1269
7.2128,-0.4405,-9.9647,0.1053
7.2159,-0.4214,-9.9527,0.2490
7.2189,-0.4214,-9.9359,0.0024
7.2220,-0.4310,-9.9599,0.2083
7.2251,-0.3519,-9.8952,0.0503
7.2281,-0.3974,-9.9335,0.1604
7.2312,-0.3783,-9.9192,0.1006
7.2342,-0.4334,-9.9575,0.2921
7.2373,-0.4597,-9.8976,0.0359
7.2404,-0.4836,-9.9240,0.1053
7.2434,-0.3352,-9.8928,0.1006
7.2465,-0.3903,-9.9551,0.1341
7.2496,-0.3208,-9.9216,0.1077
7.2526,-0.4597,-9.8928,0.1915
7.2558,-0.4190,-9.9311,0.0910
7.2589,-0.3783,-9.8976,0.0934
7.2620,-0.3950,-9.9479,0.1006
7.2650,-0.3591,-9.8904,0.0431
7.2681,-0.4741,-9.9144,0.2251
7.2711,-0.5052,-9.9216,0.0215
7.2742,-0.4453,-9.9407,0.0862
7.2773,-0.3424,-9.9120,0.1149
7.2804,-0.4166,-9.9503,0.0527
7.2835,-0.4046,-9.9072,0.1006
7.2866,-0.4310,-9.8306,0.0910
7.2897,-0.4453,-9.9024,0.1197
7.2927,-0.4166,-9.9096,0.1820
7.2958,-0.4357,-9.8833,0.0934
7.2988,-0.3807,-9.9240,0.1269
7.3019,-0.4094,-9.9216,0.2466
7.3049,-0.4190,-9.9240,0.0958
7.3080,-0.4764,-9.9216,0.0239
7.3110,-0.3950,-9.9144,0.2466
7.3141,-0.4334,-9.9455,0.1006
7.3171,-0.3759,-9.9431,0.1221
7.3202,-0.4262,-9.9288,0.1053
7.3232,-0.3687,-9.9311,0.0479
7.3263,-0.4022,-9.9742,0.1676
7.3293,-0.3998,-9.9288,0.1293
7.3324,-0.4070,-9.9264,0.0646
7.3354,-0.4525,-9.9072,0.1508
7.3385,-0.3998,-9.9886,0.1532
7.3415,-0.4166,-9.9359,0.1580
7.3446,-0.3783,-9.9264,0.0958
7.3476,-0.4094,-9.9527,0.0479
7.3506,-0.4477,-9.9120,-0.0383
7.3537,-0.4094,-9.8162,0.0790
7.3567,-0.4262,-9.9120,0.0575
7.3598,-0.4573,-9.9096,0.1053
7.3628,-0.4693,-9.9311,0.1077
7.3659,-0.4118,-9.9838,0.2729
7.3689,-0.3950,-9.9335,0.1101
7.3720,-0.4214,-9.9407,0.0694
7.3750,-0.4836,-9.9407,0.1293
7.3781,-0.4214,-9.9575,0.0455
7.3812,-0.4549,-9.8976,0.1844
7.3843,-0.3926,-9.9096,0.1748
7.3874,-0.4166,-9.9766,0.1604
7.3904,-0.3974,-9.9383,0.0958
7.3935,-0.3783,-9.9264,0.1437
7.3965,-0.4190,-9.9407,0.0742
7.3996,-0.5794,-9.8138,0.0383
7.4026,-0.4070,-9.9072,0.2418
7.4057,-0.4094,-9.9192,0.0814
7.4087,-0.3974,-9.9024,0.1053
7.4118,-0.3089,-9.9455,0.0479
7.4148,-0.4357,-9.8521,0.2418
7.4179,-0.4597,-10.0437,0.2394
7.4209,-0.4381,-9.8306,0.0407
7.4240,-0.4357,-9.9455,0.1915
7.4270,-0.4094,-9.9264,0.0766
7.4301,-0.4357,-9.9192,0.0479
7.4331,-0.4166,-9.9407,0.0239
7.4362,-0.4142,-9.9407,0.1604
7.4392,-0.3926,-9.9264,0.1030
7.4423,-0.3735,-9.9120,0.1317
7.4453,-0.4453,-9.8809,0.1125
7.4484,-0.4453,-10.0054,0.0694
7.4514,-0.4142,-9.9599,0.1772
7.4545,-0.4118,-9.9455,0.1053
7.4575,-0.4286,-9.9407,0.0814
7.4606,-0.5890,-9.9335,0.1963
7.4636,-0.3926,-9.9096,0.0335
7.4667,-0.3089,-9.9000,0.1101
7.4697,-0.3759,-9.9383,0.0670
7.4728,-0.4334,-9.9168,0.1437
7.4758,-0.4166,-9.9240,0.0838
7.4789,-0.3855,-10.0461,0.0359
7.4819,-0.4334,-9.9240,0.0622
7.4850,-0.4190,-9.8809,0.0359
7.4881,-0.4381,-9.9359,0.1891
7.4913,-0.3879,-9.8761,0.1245
7.4944,-0.3807,-9.9407,0.0814
7.4975,-0.4142,-9.9647,0.1820
7.5005,-0.3591,-9.9623,0.0479
7.5036,-0.3879,-9.9048,0.1604
7.5067,-0.4357,-10.0556,0.1389
7.5098,-0.4788,-9.9240,0.1437
7.5128,-0.3184,-9.9072,0.1317
7.5159,-0.3807,-9.9431,0.1245
7.5190,-0.4525,-9.9431,0.1269
7.5220,-0.3807,-9.9048,0.0742
7.5251,-0.3903,-9.9024,0.0862
7.5281,-0.4094,-9.9695,0.0862
7.5312,-0.4334,-9.8952,0.1197
7.5343,-0.4070,-9.9623,0.1437
7.5373,-0.4381,-9.9503,0.0862
7.5404,-0.4501,-9.8593,0.1030
7.5435,-0.3998,-9.9599,0.1030
7.5465,-0.4166,-9.9168,0.1748
7.5496,-0.4190,-9.9288,0.0910
7.5527,-0.3089,-9.9264,0.1628
7.5557,-0.3879,-9.8665,0.0646
7.5588,-0.4238,-9.9599,0.1652
7.5618,-0.3974,-10.0652,0.1365
7.5649,-0.5674,-9.9264,0.0000
7.5680,-0.4310,-9.9479,0.0934
7.5710,-0.4238,-9.9647,0.2825
7.5741,-0.4166,-9.9359,0.0910
7.5772,-0.4501,-9.9527,0.0646
7.5802,-0.4094,-9.8976,0.1628
7.5833,-0.3926,-9.9288,0.1173
7.5864,-0.4621,-9.8952,0.1987
7.5894,-0.4190,-9.9216,0.0575
7.5925,-0.3998,-9.9599,0.1460
7.5957,-0.3831,-9.9216,0.0646
7.5988,-0.3807,-9.9216,0.0934
7.6018,-0.3089,-9.8904,0.2969
7.6049,-0.4238,-9.9407,0.0790
7.6080,-0.4357,-9.9311,0.2777
7.6110,-0.4501,-10.0916,0.0599
7.6141,-0.3711,-9.8928,0.0239
7.6171,-0.4214,-9.9072,0.1484
7.6202,-0.4357,-9.9359,0.1125
7.6232,-0.4286,-9.9718,0.0862
7.6263,-0.4429,-9.9383,0.1125
7.6293,-0.4070,-9.9240,0.1796
7.6324,-0.3974,-9.9264,0.0886
7.6354,-0.4022,-9.9742,0.0934
7.6385,-0.3783,-9.9479,0.1532
7.6415,-0.6105,-9.9168,0.0670
7.6446,-0.3903,-9.9072,0.1030
7.6476,-0.4118,-9.9742,0.1077
7.6506,-0.3472,-9.8713,0.1700
7.6537,-0.4357,-10.0844,0.0910
7.6567,-0.4094,-9.8282,0.0575
7.6598,-0.3950,-9.9527,0.1293
7.6628,-0.3926,-9.8713,0.1173
7.6659,-0.3926,-9.8306,0.1269
7.6689,-0.3974,-9.9671,0.1006
7.6720,-0.3903,-9.9359,0.0934
7.6750,-0.4238,-10.0892,0.1221
7.6781,-0.4693,-9.9503,0.1460
7.6811,-0.4357,-9.9742,0.0072
7.6842,-0.4405,-9.9264,0.0742
7.6873,-0.4070,-9.9575,0.1053
7.6903,-0.3735,-9.9455,0.1460
7.6934,-0.4453,-9.9192,0.1197
7.6964,-0.4310,-9.9096,0.0407
7.6995,-0.3711,-9.9671,0.0120
7.7026,-0.5962,-9.9024,0.0838
7.7057,-0.4094,-9.9120,0.0910
7.7088,-0.3639,-9.9120,0.1269
7.7118,-0.4429,-9.9383,0.2322
7.7149,-0.4453,-9.9240,0.0694
7.7179,-0.3974,-9.9192,0.1030
7.7210,-0.3783,-9.9551,0.1652
7.7240,-0.3735,-9.8138,0.2801
7.7270,-0.4094,-9.9288,0.0024
7.7301,-0.4693,-9.8114,0.1245
7.7331,-0.3663,-9.9575,0.0838
7.7362,-0.4405,-9.9311,0.1173
7.7392,-0.4310,-9.9048,0.0790
7.7423,-0.4022,-9.9862,0.1556
7.7453,-0.4142,-9.9216,0.0910
7.7484,-0.3711,-9.9671,0.0479
7.7514,-0.3759,-9.8641,0.1077
7.7545,-0.4645,-9.8881,0.1676
7.7575,-0.4070,-9.9335,0.1413
7.7606,-0.3735,-9.9048,0.1796
7.7636,-0.3783,-9.9216,0.1772
7.7666,-0.4094,-9.9503,0.0862
7.7697,-0.4142,-9.9072,0.1365
7.7727,-0.4046,-9.9096,0.1772
7.7758,-0.3783,-9.9072,0.0359
7.7788,-0.4381,-10.0772,0.0431
7.7819,-0.4262,-9.9383,0.0527
7.7849,-0.3903,-9.9359,0.0766
7.7880,-0.4621,-9.9048,0.2107
7.7910,-0.4357,-9.9168,0.1077
7.7941,-0.4645,-9.9144,0.1341
7.7971,-0.4812,-9.9359,0.0072
7.8002,-0.4453,-9.8785,0.1101
7.8032,-0.3998,-9.8928,0.2251
7.8064,-0.5148,-9.9527,0.1508
7.8094,-0.4166,-9.8904,0.0838
7.8125,-0.3663,-9.9096,0.1748
7.8155,-0.4549,-9.9024,0.0263
7.8186,-0.4453,-9.9718,0.0694
7.8217,-0.3974,-9.9096,0.0934
7.8247,-0.4310,-9.9575,0.0718
7.8278,-0.4142,-9.8162,0.0742
7.8308,-0.4238,-9.8952,0.1125
7.8339,-0.3998,-9.9575,0.1293
7.8369,-0.3974,-9.9168,0.2418
7.8400,-0.3950,-9.9168,0.0335
7.8430,-0.4501,-9.8785,0.1915
7.8461,-0.4573,-10.0796,0.0215
7.8491,-0.4310,-9.9527,0.2658
7.8522,-0.3879,-9.8210,0.2825
7.8552,-0.4357,-9.9359,0.0455
7.8583,-0.3903,-9.9838,0.1724
7.8613,-0.4166,-9.9000,0.0838
7.8644,-0.4286,-9.8904,0.1652
7.8674,-0.4310,-9.9311,0.1269
7.8705,-0.3974,-9.8785,0.0575
7.8735,-0.4214,-9.9072,0.0551
7.8765,-0.3903,-9.9695,0.1484
7.8796,-0.4190,-9.9264,0.1580
7.8826,-0.4166,-9.9216,0.1676
7.8857,-0.4405,-9.9527,0.0718
7.8888,-0.4142,-9.9311,0.1293
7.8918,-0.4405,-9.8785,0.0239
7.8948,-0.3926,-9.8138,0.1221
7.8979,-0.3615,-9.8114,0.0048
7.9009,-0.4070,-9.9216,0.1125
7.9040,-0.3926,-9.9479,0.0000
7.9070,-0.3759,-9.8282,0.0215
7.9101,-0.4357,-9.9575,0.2466
7.9132,-0.4357,-9.9647,0.0575
7.9163,-0.3759,-9.8521,0.0359
7.9193,-0.4046,-9.9527,0.0263
7.9224,-0.4022,-9.8976,0.1053
7.9255,-0.4310,-9.9838,0.0886
7.9285,-0.3711,-9.9144,0.1293
7.9316,-0.4693,-9.9359,0.1748
7.9346,-0.3615,-9.8928,0.0958
7.9377,-0.3735,-9.9479,0.0862
7.9407,-0.3855,-9.8904,0.1365
7.9438,-0.4405,-9.9575,0.1413
7.9468,-0.4142,-9.9168,0.1772
7.9499,-0.4453,-9.9096,0.0838
7.9529,-0.3304,-9.8737,0.1221
7.9560,-0.4501,-9.9024,0.0838
7.9591,-0.3112,-9.8378,0.0479
7.9621,-0.3567,-10.0676,0.1748
7.9654,-0.4286,-9.9862,0.0838
7.9684,-0.4094,-9.9479,0.0862
7.9715,-0.4142,-9.9288,0.0479
7.9745,-0.4022,-9.9623,0.0263
7.9776,-0.4453,-9.9311,0.0934
7.9806,-0.4429,-10.0030,0.0215
7.9837,-0.3807,-9.9647,0.0646
7.9867,-0.3855,-9.9766,0.0790
7.9898,-0.4142,-9.9695,0.0886
7.9928,-0.3256,-9.9671,0.1652
7.9959,-0.3879,-9.9551,0.0551
7.9989,-0.4310,-9.8952,0.1053
8.0020,-0.3926,-9.9503,0.2203
